dept_id,source_item,target_item,relationship_type,edge_strength,price_change_events,source_up_events,source_down_events,ripple_elasticity,intercept,training_r2,sign_consistent,absolute_elasticity,production_elasticity,elasticity_winsorized,supported_log_move_lower,supported_log_move_upper,supported_price_change_lower_pct,supported_price_change_upper_pct
FOODS_2,FOODS_2_063,FOODS_2_212,SUBSTITUTION_LIKE,MODERATE,34,23,11,18.872265193441255,-0.9328847943355811,0.36983548420518564,True,18.872265193441255,3.801313542541984,True,-0.05178814201488272,0.0883018978864951,-5.046998894991653,9.23178407024967
FOODS_1,FOODS_1_055,FOODS_1_201,SUBSTITUTION_LIKE,STRONG,52,33,19,5.022704899325246,-0.39996167904963364,0.41901855870353055,True,5.022704899325246,3.801313542541984,True,-0.1285188508009783,0.21283418165534837,-12.060301507537686,23.7179487179487
FOODS_3,FOODS_3_734,FOODS_3_030,COMPLEMENT_LIKE,MODERATE,56,47,9,-10.952742551913616,1.0805365406449943,0.3647881932253557,True,10.952742551913616,-5.504521024274022,True,-0.023716526617316044,0.15509956347665455,-2.34375,16.77742229788982
FOODS_2,FOODS_2_291,FOODS_2_166,COMPLEMENT_LIKE,STRONG,57,34,23,-10.889032853951797,-0.8936161367529518,0.3886060761255149,True,10.889032853951797,-5.504521024274022,True,-0.09691789719242165,0.10476821281455764,-9.236947791164651,11.045319170381482
FOODS_2,FOODS_2_291,FOODS_2_240,COMPLEMENT_LIKE,STRONG,56,33,23,-13.21243233640986,-1.2475458383474658,0.38362082161920885,True,13.21243233640986,-5.504521024274022,True,-0.09691789719242165,0.10770513116263476,-9.236947791164651,11.37192958501624
FOODS_1,FOODS_1_055,FOODS_1_166,SUBSTITUTION_LIKE,STRONG,51,32,19,6.017966680920877,-0.5923648531852411,0.38712072629603145,True,6.017966680920877,3.801313542541984,True,-0.1285188508009783,0.21283418165534837,-12.060301507537686,23.7179487179487
FOODS_2,FOODS_2_285,FOODS_2_119,SUBSTITUTION_LIKE,STRONG,45,33,12,2.813906145556138,-0.20518910417115085,0.3069843524359863,True,2.813906145556138,2.813906145556138,False,-0.15269573822615742,0.2549504492241516,-14.160914239245512,29.039767908256884
FOODS_3,FOODS_3_734,FOODS_3_224,COMPLEMENT_LIKE,STRONG,58,48,10,-5.492016888436695,0.7779230182147662,0.3700524563633484,True,5.492016888436695,-5.492016888436695,False,-0.023716526617316044,0.1353413478697623,-2.34375,14.492753623188426
FOODS_3,FOODS_3_734,FOODS_3_727,COMPLEMENT_LIKE,STRONG,59,49,10,-5.578058180542918,0.8674869492649667,0.36520054885263553,True,5.578058180542918,-5.504521024274022,True,-0.023716526617316044,0.1353413478697623,-2.34375,14.492753623188426
FOODS_3,FOODS_3_231,FOODS_3_723,SUBSTITUTION_LIKE,STRONG,95,41,54,3.284155838562507,0.2911172997277265,0.30664615113945026,True,3.284155838562507,3.284155838562507,False,-0.1829906769259788,0.09567520992336254,-16.722408026755854,10.040160642570273
FOODS_2,FOODS_2_285,FOODS_2_019,SUBSTITUTION_LIKE,MODERATE,36,26,10,2.313126745201104,0.04566294037653266,0.3074412294626415,True,2.313126745201104,2.313126745201104,False,-0.12754069835945184,0.2777407343639332,-11.974240993460965,32.014388489208635
FOODS_2,FOODS_2_294,FOODS_2_183,COMPLEMENT_LIKE,STRONG,52,21,31,-3.499393489917243,-0.40243724003757264,0.3204907359397936,True,3.499393489917243,-3.499393489917243,False,-0.2231435513142097,0.29839002997758285,-19.999999999999996,34.76873238422088
FOODS_3,FOODS_3_734,FOODS_3_822,COMPLEMENT_LIKE,STRONG,58,48,10,-5.5076470582333545,0.838269663619747,0.3527699043785345,True,5.5076470582333545,-5.504521024274022,True,-0.023716526617316044,0.1353413478697623,-2.34375,14.492753623188426
FOODS_3,FOODS_3_734,FOODS_3_257,COMPLEMENT_LIKE,STRONG,59,49,10,-4.995244513350933,0.9102959589747356,0.3468895788286571,True,4.995244513350933,-4.995244513350933,False,-0.023716526617316044,0.1353413478697623,-2.34375,14.492753623188426
FOODS_2,FOODS_2_240,FOODS_2_182,COMPLEMENT_LIKE,STRONG,53,25,28,-3.9119175508213715,-0.3915508540675569,0.3206645980062568,True,3.9119175508213715,-3.9119175508213715,False,-0.22543976357456,0.22543976357456008,-20.18348623853211,25.287356321839095
FOODS_3,FOODS_3_231,FOODS_3_090,SUBSTITUTION_LIKE,STRONG,95,41,54,3.432807176357696,0.2661243301605909,0.2535718734179767,True,3.432807176357696,3.432807176357696,False,-0.1829906769259788,0.09567520992336254,-16.722408026755854,10.040160642570273
FOODS_3,FOODS_3_231,FOODS_3_295,SUBSTITUTION_LIKE,STRONG,90,37,53,1.9637848950421786,0.04224140775519095,0.14728554230080126,True,1.9637848950421786,1.9637848950421786,False,-0.1829906769259788,0.09567520992336254,-16.722408026755854,10.040160642570273
FOODS_2,FOODS_2_166,FOODS_2_182,COMPLEMENT_LIKE,STRONG,50,23,27,-3.932781771996756,-0.2705885479926201,0.2698217027328581,True,3.932781771996756,-3.932781771996756,False,-0.22543976357456,0.22543976357456008,-20.18348623853211,25.287356321839095
FOODS_3,FOODS_3_281,FOODS_3_202,COMPLEMENT_LIKE,STRONG,90,47,43,-0.8040478991173075,-0.12416267052993216,0.005627636974527728,True,0.8040478991173075,-0.8040478991173075,False,-0.32208349916911316,0.3220834991691132,-27.536231884057962,37.999999999999986
FOODS_3,FOODS_3_124,FOODS_3_723,SUBSTITUTION_LIKE,STRONG,100,43,57,2.6513752955299497,0.2585275354500218,0.258637169730883,True,2.6513752955299497,2.6513752955299497,False,-0.1829906769259788,0.09567520992336254,-16.722408026755854,10.040160642570273
FOODS_3,FOODS_3_281,FOODS_3_136,COMPLEMENT_LIKE,STRONG,93,48,45,-0.5093886185167813,-0.10610395014583475,-0.015259036112335256,True,0.5093886185167813,-0.5093886185167813,False,-0.32208349916911316,0.3220834991691132,-27.536231884057962,37.999999999999986
FOODS_3,FOODS_3_231,FOODS_3_406,SUBSTITUTION_LIKE,STRONG,89,39,50,2.574527475456595,0.02483314646785038,0.2020227929363505,True,2.574527475456595,2.574527475456595,False,-0.1829906769259788,0.09567520992336254,-16.722408026755854,10.040160642570273
FOODS_2,FOODS_2_240,FOODS_2_036,COMPLEMENT_LIKE,STRONG,57,27,30,-3.548491421148097,0.025509899639702745,0.28496997739421503,True,3.548491421148097,-3.548491421148097,False,-0.22543976357456,0.22543976357456008,-20.18348623853211,25.287356321839095
FOODS_1,FOODS_1_061,FOODS_1_037,SUBSTITUTION_LIKE,MODERATE,39,27,12,5.160507701740856,-0.06366391043288754,0.256915102311124,True,5.160507701740856,3.801313542541984,True,-0.219709088865575,0.13353139262452257,-19.72477064220184,14.28571428571428
FOODS_2,FOODS_2_294,FOODS_2_056,COMPLEMENT_LIKE,STRONG,61,20,41,-2.9986504346388427,-0.5157701166566602,0.23554627793390348,True,2.9986504346388427,-2.9986504346388427,False,-0.2926696139628201,0.29266961396282004,-25.373134328358216,34.00000000000001
FOODS_2,FOODS_2_034,FOODS_2_212,SUBSTITUTION_LIKE,STRONG,42,19,23,5.189462971505219,-0.21363383805998717,0.27470537219955304,True,5.189462971505219,3.801313542541984,True,-0.2231435513142097,0.2746007809321552,-19.999999999999996,31.600519561645935
FOODS_3,FOODS_3_734,FOODS_3_432,COMPLEMENT_LIKE,STRONG,58,48,10,-4.805821519056465,0.7539852812582245,0.28652420048730576,True,4.805821519056465,-4.805821519056465,False,-0.023716526617316044,0.1353413478697623,-2.34375,14.492753623188426
FOODS_2,FOODS_2_285,FOODS_2_197,SUBSTITUTION_LIKE,STRONG,45,32,13,1.6590278112057821,0.036767463452640314,0.23056524656624977,True,1.6590278112057821,1.6590278112057821,False,-0.15269573822615742,0.2549504492241516,-14.160914239245512,29.039767908256884
FOODS_3,FOODS_3_124,FOODS_3_090,SUBSTITUTION_LIKE,STRONG,100,43,57,2.833364577702789,0.2536999454566883,0.20836154227770431,True,2.833364577702789,2.833364577702789,False,-0.1829906769259788,0.09567520992336254,-16.722408026755854,10.040160642570273
FOODS_3,FOODS_3_231,FOODS_3_491,SUBSTITUTION_LIKE,STRONG,95,41,54,3.3284872384757906,0.3166759677775105,0.2454570122604972,True,3.3284872384757906,3.3284872384757906,False,-0.1829906769259788,0.09567520992336254,-16.722408026755854,10.040160642570273
FOODS_3,FOODS_3_257,FOODS_3_090,COMPLEMENT_LIKE,STRONG,120,65,55,-0.8364300264673562,0.035662085840267164,0.05274498061054045,True,0.8364300264673562,-0.8364300264673562,False,-0.28935851877903324,0.28935851877903324,-25.125628140703515,33.55704697986577
FOODS_3,FOODS_3_090,FOODS_3_491,COMPLEMENT_LIKE,STRONG,41,17,24,-0.9813012934256898,-0.020703716038724364,0.2809027477019288,True,0.9813012934256898,-0.9813012934256898,False,-0.32208349916911316,0.3220834991691132,-27.536231884057962,37.999999999999986
FOODS_2,FOODS_2_052,FOODS_2_360,SUBSTITUTION_LIKE,STRONG,95,51,44,1.2553565213468114,-0.03429506397936816,0.07326901545871423,True,1.2553565213468114,1.2553565213468114,False,-0.15438914411836097,0.2417478989817315,-14.306151645207443,27.347310847766625
FOODS_3,FOODS_3_257,FOODS_3_723,COMPLEMENT_LIKE,STRONG,118,65,53,-0.859264223797637,-0.006687149069911607,0.058408166929195815,True,0.859264223797637,-0.859264223797637,False,-0.28935851877903324,0.28935851877903324,-25.125628140703515,33.55704697986577
FOODS_2,FOODS_2_052,FOODS_2_021,SUBSTITUTION_LIKE,STRONG,81,42,39,0.8064982615920222,-0.054809922413196675,0.02183663497578081,True,0.8064982615920222,0.8064982615920222,False,-0.15438914411836097,0.2417478989817315,-14.306151645207443,27.347310847766625
FOODS_1,FOODS_1_055,FOODS_1_219,SUBSTITUTION_LIKE,STRONG,49,31,18,2.5945284190312723,-0.15635956864144598,0.15104841891369147,True,2.5945284190312723,2.5945284190312723,False,-0.12470558312944453,0.21283418165534837,-11.724323718733027,23.7179487179487
FOODS_3,FOODS_3_727,FOODS_3_090,COMPLEMENT_LIKE,STRONG,121,61,60,-0.784760441763763,0.03999152482706107,0.032048108138759246,True,0.784760441763763,-0.784760441763763,False,-0.28935851877903324,0.2966507424345414,-25.125628140703515,34.534534534534544
FOODS_3,FOODS_3_231,FOODS_3_501,SUBSTITUTION_LIKE,STRONG,92,38,54,1.7351198530521637,0.0383398489765257,0.11184334936570162,True,1.7351198530521637,1.7351198530521637,False,-0.1829906769259788,0.09567520992336254,-16.722408026755854,10.040160642570273
FOODS_3,FOODS_3_257,FOODS_3_491,COMPLEMENT_LIKE,STRONG,119,65,54,-0.9930486658264676,-0.02292706121581079,0.1122494221455489,True,0.9930486658264676,-0.9930486658264676,False,-0.28935851877903324,0.28935851877903324,-25.125628140703515,33.55704697986577
FOODS_3,FOODS_3_257,FOODS_3_274,COMPLEMENT_LIKE,STRONG,115,63,52,-1.1929572726335944,-0.011337145788179322,0.19130053494933275,True,1.1929572726335944,-1.1929572726335944,False,-0.28935851877903324,0.28935851877903324,-25.125628140703515,33.55704697986577
FOODS_2,FOODS_2_052,FOODS_2_128,SUBSTITUTION_LIKE,STRONG,82,43,39,0.7181550059106979,-0.0840270526763663,0.012867804025335494,True,0.7181550059106979,0.7181550059106979,False,-0.15438914411836097,0.2417478989817315,-14.306151645207443,27.347310847766625
FOODS_3,FOODS_3_727,FOODS_3_491,COMPLEMENT_LIKE,STRONG,120,61,59,-1.0747844244327578,-0.01248618888716777,0.11518074078343465,True,1.0747844244327578,-1.0747844244327578,False,-0.28935851877903324,0.2966507424345414,-25.125628140703515,34.534534534534544
FOODS_3,FOODS_3_020,FOODS_3_202,SUBSTITUTION_LIKE,STRONG,70,31,39,2.2057932385599583,0.11231074396740903,0.08851020948121291,True,2.2057932385599583,2.2057932385599583,False,-0.19290366612449156,0.16551443847757333,-17.543859649122805,17.999999999999993
FOODS_3,FOODS_3_681,FOODS_3_783,COMPLEMENT_LIKE,STRONG,86,52,34,-1.9594962613158753,-0.3224795700094655,0.20825126647446457,True,1.9594962613158753,-1.9594962613158753,False,-0.3540032099832103,0.22314355131420976,-29.812728564785086,25.0
FOODS_2,FOODS_2_274,FOODS_2_052,SUBSTITUTION_LIKE,STRONG,62,35,27,3.498028206970242,0.19721138043903522,0.23533303076098844,True,3.498028206970242,3.498028206970242,False,-0.15630198936977044,0.1563019893697704,-14.469914040114617,16.917922948073706
FOODS_2,FOODS_2_128,FOODS_2_119,SUBSTITUTION_LIKE,STRONG,49,36,13,1.94084258106341,-0.1246078621028061,0.21243527173332621,True,1.94084258106341,1.94084258106341,False,-0.07385518644282207,0.2402454761372293,-7.119381216923573,27.15612499572209
FOODS_3,FOODS_3_769,FOODS_3_202,COMPLEMENT_LIKE,STRONG,83,44,39,-0.6726538328584204,-0.09203939537085822,-0.006946561174682397,True,0.6726538328584204,-0.6726538328584204,False,-0.24686007793152578,0.2468600779315258,-21.875,28.000000000000004
FOODS_3,FOODS_3_734,FOODS_3_501,COMPLEMENT_LIKE,STRONG,51,41,10,-1.5623634623760705,0.016366126970094774,-0.0694393382496985,True,1.5623634623760705,-1.5623634623760705,False,-0.04388671611013879,0.1814438509525106,-4.293762891959106,19.894721507559208
FOODS_3,FOODS_3_124,FOODS_3_295,SUBSTITUTION_LIKE,STRONG,95,40,55,2.1612890698305463,-0.01512462997229104,0.10833099082089825,True,2.1612890698305463,2.1612890698305463,False,-0.1829906769259788,0.10045028609062896,-16.722408026755854,10.566867322552469
FOODS_3,FOODS_3_727,FOODS_3_738,COMPLEMENT_LIKE,STRONG,119,60,59,-0.807258502499412,-0.04418651332090502,0.09842522312371926,True,0.807258502499412,-0.807258502499412,False,-0.28935851877903324,0.29628613125176595,-25.125628140703515,34.48549068028595
FOODS_3,FOODS_3_727,FOODS_3_723,COMPLEMENT_LIKE,STRONG,119,61,58,-0.6981621586158678,0.016929988535485205,0.022655363122388805,True,0.6981621586158678,-0.6981621586158678,False,-0.28935851877903324,0.28935851877903324,-25.125628140703515,33.55704697986577
FOODS_2,FOODS_2_183,FOODS_2_212,SUBSTITUTION_LIKE,MODERATE,35,25,10,11.49612240479979,-0.812974072968938,0.22079033610790355,True,11.49612240479979,3.801313542541984,True,-0.0011527378798082853,0.11088645659732313,-0.11520737327188613,11.726804123711343
FOODS_3,FOODS_3_734,FOODS_3_295,COMPLEMENT_LIKE,MODERATE,50,41,9,-2.4654844887607106,0.034512020820873235,-0.02408069172548899,True,2.4654844887607106,-2.4654844887607106,False,-0.04676817175197063,0.18802992282147532,-4.569139235940012,20.686962775372535
FOODS_2,FOODS_2_285,FOODS_2_166,COMPLEMENT_LIKE,STRONG,40,27,13,-3.0453572905772446,-0.11873294580626399,0.1855946454030093,True,3.0453572905772446,-3.0453572905772446,False,-0.161843025450414,0.2777407343639332,-14.942528735632187,32.014388489208635
FOODS_3,FOODS_3_753,FOODS_3_723,SUBSTITUTION_LIKE,STRONG,97,41,56,2.997558216091219,0.2627506048657386,0.2184612997310741,True,2.997558216091219,2.997558216091219,False,-0.1829906769259788,0.09567520992336254,-16.722408026755854,10.040160642570273
FOODS_3,FOODS_3_681,FOODS_3_231,COMPLEMENT_LIKE,STRONG,87,52,35,-1.3435527599582455,-0.1839736741745934,0.14883927047424217,True,1.3435527599582455,-1.3435527599582455,False,-0.35187522926227044,0.22314355131420976,-29.663212376954185,25.0
FOODS_3,FOODS_3_231,FOODS_3_318,SUBSTITUTION_LIKE,STRONG,94,40,54,2.6658803882107973,0.1567042510892012,0.15761311764215225,True,2.6658803882107973,2.6658803882107973,False,-0.1829906769259788,0.09567520992336254,-16.722408026755854,10.040160642570273
FOODS_3,FOODS_3_281,FOODS_3_704,COMPLEMENT_LIKE,STRONG,90,47,43,-0.8517653853011098,-0.11911306420955033,0.045211698161892744,True,0.8517653853011098,-0.8517653853011098,False,-0.32208349916911316,0.3220834991691132,-27.536231884057962,37.999999999999986
FOODS_3,FOODS_3_124,FOODS_3_491,SUBSTITUTION_LIKE,STRONG,100,43,57,2.4890215794429476,0.2680994056297771,0.1884445912937136,True,2.4890215794429476,2.4890215794429476,False,-0.1829906769259788,0.09567520992336254,-16.722408026755854,10.040160642570273
FOODS_3,FOODS_3_755,FOODS_3_202,SUBSTITUTION_LIKE,STRONG,72,30,42,2.010538060382603,0.12860183087826008,0.05605600974518332,True,2.010538060382603,2.010538060382603,False,-0.20479441264601328,0.20479441264601322,-18.518518518518523,22.72727272727273
FOODS_2,FOODS_2_166,FOODS_2_388,SUBSTITUTION_LIKE,STRONG,53,25,28,2.0710242196661373,-0.13057231423992977,0.17657918705092812,True,2.0710242196661373,2.0710242196661373,False,-0.22543976357456,0.22543976357456008,-20.18348623853211,25.287356321839095
FOODS_3,FOODS_3_020,FOODS_3_348,SUBSTITUTION_LIKE,STRONG,69,35,34,1.8448781734435444,-0.21112728017625268,0.09148346124251405,True,1.8448781734435444,1.8448781734435444,False,-0.19290366612449156,0.17140643460283897,-17.543859649122805,18.69730779290018
FOODS_3,FOODS_3_124,FOODS_3_406,SUBSTITUTION_LIKE,STRONG,95,42,53,2.100470773658738,-0.015990586766015544,0.1197700742949993,True,2.100470773658738,2.100470773658738,False,-0.1829906769259788,0.10045028609062896,-16.722408026755854,10.566867322552469
FOODS_3,FOODS_3_769,FOODS_3_136,COMPLEMENT_LIKE,STRONG,86,45,41,-0.4404541585901129,-0.08430992815728412,-0.022606108899960287,True,0.4404541585901129,-0.4404541585901129,False,-0.24686007793152578,0.2468600779315258,-21.875,28.000000000000004
FOODS_3,FOODS_3_020,FOODS_3_406,SUBSTITUTION_LIKE,STRONG,64,32,32,1.4268544174226272,-0.13319190760026892,-0.007232659468594527,True,1.4268544174226272,1.4268544174226272,False,-0.19290366612449156,0.16551443847757333,-17.543859649122805,17.999999999999993
FOODS_2,FOODS_2_399,FOODS_2_036,SUBSTITUTION_LIKE,STRONG,71,41,30,6.0708450774462195,-0.08886001147656146,0.20495025236996212,True,6.0708450774462195,3.801313542541984,True,-0.10536051565782628,0.10536051565782635,-9.999999999999998,11.111111111111116
FOODS_3,FOODS_3_281,FOODS_3_115,COMPLEMENT_LIKE,STRONG,92,46,46,-0.9214554581706302,-0.16726869798090782,0.10646299037439255,True,0.9214554581706302,-0.9214554581706302,False,-0.32208349916911316,0.3220834991691132,-27.536231884057962,37.999999999999986
FOODS_2,FOODS_2_380,FOODS_2_152,SUBSTITUTION_LIKE,STRONG,64,30,34,2.3680002006715735,0.054964273303715235,0.1887558893592738,True,2.3680002006715735,2.3680002006715735,False,-0.14925224041147075,0.14925224041147078,-13.864818024263425,16.096579476861162
FOODS_2,FOODS_2_183,FOODS_2_399,COMPLEMENT_LIKE,MODERATE,39,25,14,-8.204155443791365,0.37425514162321755,0.19021064288855805,True,8.204155443791365,-5.504521024274022,True,-0.006712929101866726,0.11088645659732313,-0.6690447726724583,11.726804123711343
FOODS_3,FOODS_3_086,FOODS_3_783,COMPLEMENT_LIKE,STRONG,74,44,30,-1.4838130992732674,-0.30295630961809444,0.1547658886767208,True,1.4838130992732674,-1.4838130992732674,False,-0.3369793642156918,0.22314355131420976,-28.6076427876439,25.0
FOODS_3,FOODS_3_020,FOODS_3_339,SUBSTITUTION_LIKE,STRONG,71,35,36,2.1003232830999337,-0.29591257164399726,0.10980829395095548,True,2.1003232830999337,2.1003232830999337,False,-0.19290366612449156,0.1674784371859952,-17.543859649122805,18.231979576820677
FOODS_3,FOODS_3_086,FOODS_3_231,COMPLEMENT_LIKE,STRONG,75,44,31,-1.2579894857484684,-0.1337120452949843,0.12206422005076512,True,1.2579894857484684,-1.2579894857484684,False,-0.334851383494752,0.22314355131420976,-28.45555947007961,25.0
FOODS_2,FOODS_2_294,FOODS_2_291,COMPLEMENT_LIKE,STRONG,53,17,36,-2.881099044920866,-0.47120539807320383,0.15353760531383776,True,2.881099044920866,-2.881099044920866,False,-0.2926696139628201,0.2977544281981648,-25.373134328358216,34.68310035492553
FOODS_3,FOODS_3_231,FOODS_3_348,SUBSTITUTION_LIKE,STRONG,85,34,51,1.6500272312872661,0.11981634606085993,0.08794832184508783,True,1.6500272312872661,1.6500272312872661,False,-0.1829906769259788,0.09567520992336254,-16.722408026755854,10.040160642570273
FOODS_3,FOODS_3_753,FOODS_3_738,SUBSTITUTION_LIKE,STRONG,97,41,56,3.057573227570167,0.35348784517537,0.2006028320505865,True,3.057573227570167,3.057573227570167,False,-0.1829906769259788,0.09567520992336254,-16.722408026755854,10.040160642570273
FOODS_3,FOODS_3_020,FOODS_3_704,SUBSTITUTION_LIKE,STRONG,69,29,40,1.9134991477017087,0.06724229803358416,0.1279493942590283,True,1.9134991477017087,1.9134991477017087,False,-0.19290366612449156,0.16551443847757333,-17.543859649122805,17.999999999999993
FOODS_2,FOODS_2_021,FOODS_2_061,SUBSTITUTION_LIKE,STRONG,49,36,13,2.5373823209603703,-0.16931644325238843,0.17521929992237573,True,2.5373823209603703,2.5373823209603703,False,-0.07385518644282207,0.2402454761372293,-7.119381216923573,27.15612499572209
FOODS_2,FOODS_2_285,FOODS_2_240,COMPLEMENT_LIKE,STRONG,43,30,13,-2.816070191851263,-0.28653935682364484,0.14168273024026468,True,2.816070191851263,-2.816070191851263,False,-0.15726938183828573,0.26634559179404244,-14.552615192418095,30.518604234024593
FOODS_2,FOODS_2_291,FOODS_2_360,SUBSTITUTION_LIKE,STRONG,55,32,23,2.296719694104642,0.014607011612685133,0.19278088038190555,True,2.296719694104642,2.296719694104642,False,-0.1055094882316243,0.11064204951071147,-10.013406533014162,11.69950063773768
FOODS_2,FOODS_2_128,FOODS_2_061,SUBSTITUTION_LIKE,STRONG,48,36,12,2.4020937117488823,-0.13244747385194894,0.15737090296274603,True,2.4020937117488823,2.4020937117488823,False,-0.041672696400568074,0.24354337452681946,-4.081632653061229,27.57616521986031
FOODS_2,FOODS_2_036,FOODS_2_183,COMPLEMENT_LIKE,STRONG,89,41,48,-5.175094341044286,-0.36767782023285034,0.18338620572771724,True,5.175094341044286,-5.175094341044286,False,-0.13424952550996336,0.11104900347503938,-12.562814070351758,11.74496644295302
FOODS_1,FOODS_1_037,FOODS_1_074,SUBSTITUTION_LIKE,STRONG,65,44,21,2.7507675937427494,-0.21307581525085334,0.18621836531546432,True,2.7507675937427494,2.7507675937427494,False,-0.18975653528147268,0.18975653528147265,-17.28395061728395,20.895522388059696
FOODS_2,FOODS_2_063,FOODS_2_166,SUBSTITUTION_LIKE,STRONG,45,33,12,12.131551543711813,-1.0211187718189318,0.18180488186646926,True,12.131551543711813,3.801313542541984,True,-0.041385216162854364,0.1050722081174267,-4.054054054054057,11.079081557358391
FOODS_2,FOODS_2_166,FOODS_2_291,SUBSTITUTION_LIKE,STRONG,52,25,27,2.1147743217741675,0.014475465469772283,0.16472960065691133,True,2.1147743217741675,2.1147743217741675,False,-0.18779995545386755,0.22543976357456008,-17.121951633350943,25.287356321839095
FOODS_3,FOODS_3_020,FOODS_3_501,SUBSTITUTION_LIKE,STRONG,68,32,36,0.9903503070464831,-0.11645642373904891,-0.027832548364638443,True,0.9903503070464831,0.9903503070464831,False,-0.19290366612449156,0.16551443847757333,-17.543859649122805,17.999999999999993
FOODS_3,FOODS_3_124,FOODS_3_501,SUBSTITUTION_LIKE,STRONG,97,41,56,1.8514731612911801,0.007104329407220985,0.07514617548365321,True,1.8514731612911801,1.8514731612911801,False,-0.1829906769259788,0.09854025562372223,-16.722408026755854,10.355882794916973
FOODS_3,FOODS_3_753,FOODS_3_491,SUBSTITUTION_LIKE,STRONG,98,42,56,2.52582826552731,0.2811510954657557,0.17689443509728064,True,2.52582826552731,2.52582826552731,False,-0.1829906769259788,0.097703677040513,-16.722408026755854,10.263600033112771
FOODS_3,FOODS_3_753,FOODS_3_090,SUBSTITUTION_LIKE,STRONG,98,42,56,2.6902335196136855,0.2750871260655994,0.14945282405572624,True,2.6902335196136855,2.6902335196136855,False,-0.1829906769259788,0.097703677040513,-16.722408026755854,10.263600033112771
FOODS_3,FOODS_3_257,FOODS_3_738,COMPLEMENT_LIKE,STRONG,119,65,54,-0.6813260932357839,-0.011988883108633427,0.07048191789206837,True,0.6813260932357839,-0.6813260932357839,False,-0.28935851877903324,0.28935851877903324,-25.125628140703515,33.55704697986577
FOODS_1,FOODS_1_019,FOODS_1_150,COMPLEMENT_LIKE,MODERATE,33,16,17,-2.0065423566796197,0.09881134869369562,0.1476392070108561,True,2.0065423566796197,-2.0065423566796197,False,-0.15415067982725836,0.13549632758523963,-14.28571428571429,14.510499052624448
FOODS_1,FOODS_1_166,FOODS_1_037,SUBSTITUTION_LIKE,STRONG,46,30,16,4.175537211475771,-0.031405880694744884,0.18460419890721336,True,4.175537211475771,3.801313542541984,True,-0.219709088865575,0.13353139262452257,-19.72477064220184,14.28571428571428
FOODS_3,FOODS_3_020,FOODS_3_136,SUBSTITUTION_LIKE,STRONG,72,32,40,1.507223081902743,0.05196841811231514,0.057877739079031376,True,1.507223081902743,1.507223081902743,False,-0.19290366612449156,0.16551443847757333,-17.543859649122805,17.999999999999993
FOODS_1,FOODS_1_037,FOODS_1_055,SUBSTITUTION_LIKE,STRONG,71,46,25,1.959358097910976,0.04047350987398949,0.17775350058191464,True,1.959358097910976,1.959358097910976,False,-0.18975653528147268,0.18975653528147265,-17.28395061728395,20.895522388059696
FOODS_2,FOODS_2_360,FOODS_2_285,COMPLEMENT_LIKE,STRONG,58,42,16,-2.5994530136858365,0.16384103857369156,0.1783449915428622,True,2.5994530136858365,-2.5994530136858365,False,-0.17575229185201877,0.2752024253299408,-16.11742584247679,31.679720099876885
FOODS_2,FOODS_2_183,FOODS_2_119,SUBSTITUTION_LIKE,STRONG,44,29,15,4.642407834291795,-0.21651852330254912,0.10737672550290178,True,4.642407834291795,3.801313542541984,True,-0.003757048877712288,0.1068811328062737,-0.3750000000000031,11.28019709699343
FOODS_3,FOODS_3_224,FOODS_3_090,COMPLEMENT_LIKE,STRONG,131,69,62,-0.6918932193916236,0.06298320401305947,-0.004556241850996345,True,0.6918932193916236,-0.6918932193916236,False,-0.35534072092559577,0.35534072092559577,-29.90654205607477,42.66666666666667
FOODS_3,FOODS_3_755,FOODS_3_136,SUBSTITUTION_LIKE,STRONG,74,31,43,1.4151406799760573,0.08994690003393857,0.03280123493130205,True,1.4151406799760573,1.4151406799760573,False,-0.2036053379938611,0.2008664152291689,-18.421573328157386,22.24614586816878
FOODS_3,FOODS_3_231,FOODS_3_219,SUBSTITUTION_LIKE,STRONG,91,40,51,3.7065812885591614,0.11543335267334334,0.19088847195275205,True,3.7065812885591614,3.7065812885591614,False,-0.1829906769259788,0.09567520992336254,-16.722408026755854,10.040160642570273
FOODS_3,FOODS_3_753,FOODS_3_295,SUBSTITUTION_LIKE,STRONG,96,40,56,2.220594803058968,0.009818446551414294,0.08502899008166287,True,2.220594803058968,2.220594803058968,False,-0.1829906769259788,0.09973214415766347,-16.722408026755854,10.487493123113309
FOODS_2,FOODS_2_285,FOODS_2_274,COMPLEMENT_LIKE,MODERATE,31,22,9,-2.9864248363919526,0.19227246819030797,0.17234230182298926,True,2.9864248363919526,-2.9864248363919526,False,-0.13897480738977258,0.16378930866502697,-12.97500479500634,17.796610169491522
FOODS_3,FOODS_3_020,FOODS_3_295,SUBSTITUTION_LIKE,STRONG,70,34,36,0.9981141275570382,-0.12183373840799287,-0.037354320003023966,True,0.9981141275570382,0.9981141275570382,False,-0.19290366612449156,0.1694424358944171,-17.543859649122805,18.464415208930028
FOODS_3,FOODS_3_020,FOODS_3_785,COMPLEMENT_LIKE,STRONG,61,29,32,-6.961051040345818,-1.3242550289222597,0.19714136637872948,True,6.961051040345818,-5.504521024274022,True,-0.19290366612449156,0.16551443847757333,-17.543859649122805,17.999999999999993
FOODS_2,FOODS_2_036,FOODS_2_388,SUBSTITUTION_LIKE,STRONG,81,38,43,2.118610159639424,0.08072150194686334,0.14659870658746066,True,2.118610159639424,2.118610159639424,False,-0.11104900347503946,0.10993814794638405,-10.510510510510517,11.620902850302235
FOODS_3,FOODS_3_755,FOODS_3_704,SUBSTITUTION_LIKE,STRONG,71,29,42,1.374389109785805,0.04655653012422694,0.07026354669256363,True,1.374389109785805,1.374389109785805,False,-0.20571186957942308,0.205711869579423,-18.5932399865425,22.839921381797783
FOODS_3,FOODS_3_723,FOODS_3_318,COMPLEMENT_LIKE,STRONG,122,80,42,-1.6245221305689015,-0.00418518748037596,0.0028017907547848164,True,1.6245221305689015,-1.6245221305689015,False,-0.3646431135879093,0.36251513286696896,-30.555555555555557,43.693896582780546
FOODS_1,FOODS_1_187,FOODS_1_061,COMPLEMENT_LIKE,STRONG,60,40,20,-8.199251782014807,0.1804578291687019,0.17921788820833817,True,8.199251782014807,-5.504521024274022,True,-0.11806147085239085,0.11931538951198463,-11.1358574610245,12.672521957340033
FOODS_3,FOODS_3_753,FOODS_3_133,SUBSTITUTION_LIKE,STRONG,92,37,55,2.203834138767165,0.014316950600302629,0.10286099185047659,True,2.203834138767165,2.203834138767165,False,-0.1829906769259788,0.1037890783919647,-16.722408026755854,10.93664408835306
FOODS_2,FOODS_2_322,FOODS_2_119,SUBSTITUTION_LIKE,STRONG,40,27,13,7.894487256346477,-0.554366910124855,0.13144359086694035,True,7.894487256346477,3.801313542541984,True,-0.11823277706265972,0.0815986438828795,-11.151079136690633,8.502024291497978
FOODS_3,FOODS_3_020,FOODS_3_324,COMPLEMENT_LIKE,STRONG,64,31,33,-5.633339851129978,-0.9986144979193884,0.19623102006958337,True,5.633339851129978,-5.504521024274022,True,-0.19290366612449156,0.19301042039548108,-17.543859649122805,21.289543230335063
FOODS_3,FOODS_3_769,FOODS_3_704,COMPLEMENT_LIKE,STRONG,83,44,39,-0.7917505275080468,-0.11339942969135529,0.04280137379145443,True,0.7917505275080468,-0.7917505275080468,False,-0.24686007793152578,0.2468600779315258,-21.875,28.000000000000004
FOODS_3,FOODS_3_086,FOODS_3_136,COMPLEMENT_LIKE,STRONG,72,39,33,-0.6009190210426185,-0.012708905098213248,-0.003751469238605587,True,0.6009190210426185,-0.6009190210426185,False,-0.3412353256575714,0.22314355131420976,-28.910840251171145,25.0
FOODS_3,FOODS_3_753,FOODS_3_406,SUBSTITUTION_LIKE,STRONG,93,41,52,2.1939048678931825,0.008579755591329771,0.09431549675106232,True,2.1939048678931825,2.1939048678931825,False,-0.1829906769259788,0.10277484483338947,-16.722408026755854,10.824185460340408
FOODS_3,FOODS_3_734,FOODS_3_406,COMPLEMENT_LIKE,STRONG,51,41,10,-1.4973716276941316,0.02731374631726174,-0.08961308845382732,True,1.4973716276941316,-1.4973716276941316,False,-0.04388671611013879,0.1814438509525106,-4.293762891959106,19.894721507559208
FOODS_3,FOODS_3_224,FOODS_3_491,COMPLEMENT_LIKE,STRONG,130,69,61,-0.8459213024644465,0.0009981375004394458,0.05498314323270381,True,0.8459213024644465,-0.8459213024644465,False,-0.35534072092559577,0.35534072092559577,-29.90654205607477,42.66666666666667
FOODS_3,FOODS_3_755,FOODS_3_406,SUBSTITUTION_LIKE,STRONG,70,36,34,1.2135013786893882,-0.12989890382068425,0.016758999519560946,True,1.2135013786893882,1.2135013786893882,False,-0.19409274077664374,0.22314355131420976,-17.641847886318356,25.0
FOODS_3,FOODS_3_231,FOODS_3_738,SUBSTITUTION_LIKE,STRONG,94,40,54,3.0063190547870624,0.3391824153183952,0.16700658443184746,True,3.0063190547870624,3.0063190547870624,False,-0.1829906769259788,0.09567520992336254,-16.722408026755854,10.040160642570273
FOODS_2,FOODS_2_380,FOODS_2_381,SUBSTITUTION_LIKE,STRONG,64,31,33,2.1978225162874425,0.16930881547966603,0.1501210202034654,True,2.1978225162874425,2.1978225162874425,False,-0.14925224041147075,0.14925224041147078,-13.864818024263425,16.096579476861162
FOODS_1,FOODS_1_219,FOODS_1_037,SUBSTITUTION_LIKE,STRONG,42,28,14,4.019278480533653,-0.01767128778040949,0.1694838902425877,True,4.019278480533653,3.801313542541984,True,-0.219709088865575,0.13353139262452257,-19.72477064220184,14.28571428571428
FOODS_3,FOODS_3_231,FOODS_3_339,SUBSTITUTION_LIKE,STRONG,87,33,54,2.528540249900899,0.04582297692636136,0.14603261623686004,True,2.528540249900899,2.528540249900899,False,-0.1829906769259788,0.09567520992336254,-16.722408026755854,10.040160642570273
FOODS_2,FOODS_2_056,FOODS_2_166,COMPLEMENT_LIKE,STRONG,57,34,23,-8.359984657663933,-0.9471553968706152,0.14051092177518731,True,8.359984657663933,-5.504521024274022,True,-0.13137089695415918,0.1517589063837878,-12.310752268003682,16.387959866220726
FOODS_3,FOODS_3_769,FOODS_3_115,COMPLEMENT_LIKE,STRONG,84,43,41,-0.74239239708338,-0.14688560753346053,0.08714487174399965,True,0.74239239708338,-0.74239239708338,False,-0.24686007793152578,0.2468600779315258,-21.875,28.000000000000004
FOODS_2,FOODS_2_360,FOODS_2_063,SUBSTITUTION_LIKE,STRONG,58,42,16,2.71628155402492,-0.28758584291053046,0.16219885337239226,True,2.71628155402492,2.71628155402492,False,-0.17575229185201877,0.2752024253299408,-16.11742584247679,31.679720099876885
FOODS_3,FOODS_3_020,FOODS_3_578,COMPLEMENT_LIKE,STRONG,61,30,31,-5.644016854463848,-1.0895739356354721,0.18279821295497578,True,5.644016854463848,-5.504521024274022,True,-0.19290366612449156,0.16551443847757333,-17.543859649122805,17.999999999999993
FOODS_3,FOODS_3_734,FOODS_3_348,COMPLEMENT_LIKE,STRONG,59,49,10,-0.8913427316174113,-0.026011980600371357,-0.060258374131686,True,0.8913427316174113,-0.8913427316174113,False,-0.023716526617316044,0.1353413478697623,-2.34375,14.492753623188426
FOODS_2,FOODS_2_240,FOODS_2_294,SUBSTITUTION_LIKE,STRONG,60,28,32,3.2406626204333837,0.12677724962724674,0.1548594648135485,True,3.2406626204333837,3.2406626204333837,False,-0.22543976357456,0.22543976357456008,-20.18348623853211,25.287356321839095
FOODS_2,FOODS_2_381,FOODS_2_212,SUBSTITUTION_LIKE,STRONG,45,20,25,2.0221140174663685,-0.09975753940934909,0.15074079998098333,True,2.0221140174663685,2.0221140174663685,False,-0.2231435513142097,0.288410742123812,-19.999999999999996,33.430524695502754
FOODS_3,FOODS_3_727,FOODS_3_281,COMPLEMENT_LIKE,STRONG,101,55,46,-0.7233033430590655,-0.12879964900365803,0.011655876439238044,True,0.7233033430590655,-0.7233033430590655,False,-0.28935851877903324,0.2966507424345414,-25.125628140703515,34.534534534534544
FOODS_2,FOODS_2_119,FOODS_2_212,SUBSTITUTION_LIKE,STRONG,58,29,29,0.6656265551246839,0.01661456336712317,0.06611881219826221,True,0.6656265551246839,0.6656265551246839,False,-0.2910547569304201,0.18967934991250693,-25.25252525252525,20.88619138267105
FOODS_3,FOODS_3_723,FOODS_3_219,COMPLEMENT_LIKE,STRONG,125,82,43,-1.3965340063382752,-0.033766281565360365,0.05317285978061104,True,1.3965340063382752,-1.3965340063382752,False,-0.3646431135879093,0.3220834991691132,-30.555555555555557,37.999999999999986
FOODS_2,FOODS_2_021,FOODS_2_119,SUBSTITUTION_LIKE,STRONG,49,36,13,1.3910751708637656,-0.0789372340991441,0.12900054958521334,True,1.3910751708637656,1.3910751708637656,False,-0.07385518644282207,0.2402454761372293,-7.119381216923573,27.15612499572209
FOODS_3,FOODS_3_224,FOODS_3_723,COMPLEMENT_LIKE,STRONG,129,69,60,-0.6139841210305138,0.02999707658892703,-0.005598250309502006,True,0.6139841210305138,-0.6139841210305138,False,-0.35534072092559577,0.35534072092559577,-29.90654205607477,42.66666666666667
FOODS_2,FOODS_2_166,FOODS_2_391,COMPLEMENT_LIKE,STRONG,56,26,30,-2.72311042077369,-0.13753742596170696,0.13352204261471323,True,2.72311042077369,-2.72311042077369,False,-0.22543976357456,0.22543976357456008,-20.18348623853211,25.287356321839095
FOODS_3,FOODS_3_755,FOODS_3_339,SUBSTITUTION_LIKE,STRONG,69,36,33,1.6341028009197225,-0.2534406354307886,0.06566408739603169,True,1.6341028009197225,1.6341028009197225,False,-0.19468727810271982,0.22314355131420976,-17.69079832898205,25.0
FOODS_3,FOODS_3_734,FOODS_3_281,COMPLEMENT_LIKE,STRONG,59,49,10,-1.5693422467223492,0.09591175664213153,-0.006029297935749689,True,1.5693422467223492,-1.5693422467223492,False,-0.023716526617316044,0.1353413478697623,-2.34375,14.492753623188426
FOODS_3,FOODS_3_783,FOODS_3_723,SUBSTITUTION_LIKE,STRONG,99,41,58,2.104565934540975,0.25082705463453797,0.15332505287875742,True,2.104565934540975,2.104565934540975,False,-0.1829906769259788,0.11595988109486838,-16.722408026755854,12.295081967213118
FOODS_3,FOODS_3_231,FOODS_3_133,SUBSTITUTION_LIKE,STRONG,89,35,54,2.1367791388066504,0.035215193068581195,0.10047938475778351,True,2.1367791388066504,2.1367791388066504,False,-0.1829906769259788,0.09567520992336254,-16.722408026755854,10.040160642570273
FOODS_2,FOODS_2_360,FOODS_2_183,COMPLEMENT_LIKE,STRONG,56,40,16,-2.2564148787235463,-0.11897526975358697,0.11007615737596532,True,2.2564148787235463,-2.2564148787235463,False,-0.18540838802261653,0.2809182667139357,-16.923505988626935,32.434535641374104
FOODS_2,FOODS_2_294,FOODS_2_128,SUBSTITUTION_LIKE,STRONG,50,19,31,1.040791268651565,-0.16371630610643811,-0.011540507729155047,True,1.040791268651565,1.040791268651565,False,-0.2926696139628201,0.3053816495511819,-25.373134328358216,35.71428571428572
FOODS_2,FOODS_2_052,FOODS_2_240,COMPLEMENT_LIKE,MODERATE,94,50,44,-4.2978028878364505,-0.6239198209988426,0.1430586240091335,True,4.2978028878364505,-4.2978028878364505,False,-0.15438914411836097,0.2417478989817315,-14.306151645207443,27.347310847766625
FOODS_3,FOODS_3_755,FOODS_3_348,SUBSTITUTION_LIKE,MODERATE,72,37,35,0.5994139404481373,-0.05974079851915348,-0.042587437672655604,True,0.5994139404481373,0.5994139404481373,False,-0.19290366612449156,0.22314355131420976,-17.543859649122805,25.0
FOODS_3,FOODS_3_020,FOODS_3_133,SUBSTITUTION_LIKE,MODERATE,67,32,35,0.6437359629362507,-0.07129593736429331,-0.09582541889619467,True,0.6437359629362507,0.6437359629362507,False,-0.19290366612449156,0.16551443847757333,-17.543859649122805,17.999999999999993
FOODS_3,FOODS_3_755,FOODS_3_133,SUBSTITUTION_LIKE,MODERATE,69,35,34,1.0613093236902258,-0.11725798896102385,-0.03316418198828219,True,1.0613093236902258,1.0613093236902258,False,-0.20754678344624275,0.22314355131420976,-18.742477418554927,25.0
FOODS_2,FOODS_2_021,FOODS_2_380,COMPLEMENT_LIKE,MODERATE,49,36,13,-1.9545780089609768,-0.19629511138465627,0.025436136311438595,True,1.9545780089609768,-1.9545780089609768,False,-0.07385518644282207,0.2402454761372293,-7.119381216923573,27.15612499572209
FOODS_3,FOODS_3_124,FOODS_3_318,SUBSTITUTION_LIKE,MODERATE,100,42,58,1.9504054264989625,0.17919564038424302,0.11365001779854311,True,1.9504054264989625,1.9504054264989625,False,-0.1829906769259788,0.09567520992336254,-16.722408026755854,10.040160642570273
FOODS_3,FOODS_3_727,FOODS_3_274,COMPLEMENT_LIKE,MODERATE,116,59,57,-1.00773140405355,-0.05670207762324696,0.10236719124015659,True,1.00773140405355,-1.00773140405355,False,-0.28935851877903324,0.2966507424345414,-25.125628140703515,34.534534534534544
FOODS_2,FOODS_2_182,FOODS_2_036,SUBSTITUTION_LIKE,MODERATE,71,42,29,3.824996606037688,-0.051818529355044,0.13621349936023308,True,3.824996606037688,3.801313542541984,True,-0.10536051565782628,0.10536051565782635,-9.999999999999998,11.111111111111116
FOODS_3,FOODS_3_753,FOODS_3_501,SUBSTITUTION_LIKE,MODERATE,97,41,56,1.7232122533896963,0.01446607972277429,0.04974817744319182,True,1.7232122533896963,1.7232122533896963,False,-0.1829906769259788,0.09871791059908824,-16.722408026755854,10.375489808146554
FOODS_2,FOODS_2_240,FOODS_2_291,SUBSTITUTION_LIKE,MODERATE,55,25,30,2.012589980080909,-0.09964446752965062,0.15329261653412785,True,2.012589980080909,2.012589980080909,False,-0.21082894509126007,0.22543976357456008,-19.00874054420316,25.287356321839095
FOODS_3,FOODS_3_020,FOODS_3_115,SUBSTITUTION_LIKE,MODERATE,71,31,40,1.4398701729791477,0.04015129506889004,0.13411363139253352,True,1.4398701729791477,1.4398701729791477,False,-0.19290366612449156,0.16551443847757333,-17.543859649122805,17.999999999999993
FOODS_3,FOODS_3_755,FOODS_3_295,SUBSTITUTION_LIKE,MODERATE,71,36,35,1.003680025227406,-0.10942507873695338,-0.013754518895090717,True,1.003680025227406,1.003680025227406,False,-0.20571186957942308,0.22314355131420976,-18.5932399865425,25.0
FOODS_2,FOODS_2_240,FOODS_2_391,COMPLEMENT_LIKE,MODERATE,59,28,31,-1.4125184085948934,-0.23163807800103398,0.1100723578265983,True,1.4125184085948934,-1.4125184085948934,False,-0.22543976357456,0.22543976357456008,-20.18348623853211,25.287356321839095
FOODS_3,FOODS_3_755,FOODS_3_501,SUBSTITUTION_LIKE,MODERATE,72,35,37,0.9142891666142732,-0.11603984030313792,-0.01054300577100964,True,0.9142891666142732,0.9142891666142732,False,-0.19290366612449156,0.22314355131420976,-17.543859649122805,25.0
FOODS_3,FOODS_3_727,FOODS_3_769,COMPLEMENT_LIKE,MODERATE,104,58,46,-0.6040034761769477,-0.04407671432785343,0.017461364018876213,True,0.6040034761769477,-0.6040034761769477,False,-0.28935851877903324,0.2966507424345414,-25.125628140703515,34.534534534534544
FOODS_3,FOODS_3_086,FOODS_3_822,SUBSTITUTION_LIKE,MODERATE,76,43,33,0.6148464163797022,-0.030549962836787774,0.03786568592647421,True,0.6148464163797022,0.6148464163797022,False,-0.3327234027738122,0.22314355131420976,-28.303152177563597,25.0
FOODS_3,FOODS_3_124,FOODS_3_219,SUBSTITUTION_LIKE,MODERATE,97,42,55,2.603989684473361,0.14093357310481336,0.1446144983644151,True,2.603989684473361,2.603989684473361,False,-0.1829906769259788,0.09854025562372223,-16.722408026755854,10.355882794916973
FOODS_2,FOODS_2_294,FOODS_2_380,COMPLEMENT_LIKE,MODERATE,50,19,31,-1.4204945708877992,0.09071498688229998,0.10970730305280996,True,1.4204945708877992,-1.4204945708877992,False,-0.2926696139628201,0.29266961396282004,-25.373134328358216,34.00000000000001
FOODS_3,FOODS_3_124,FOODS_3_738,SUBSTITUTION_LIKE,MODERATE,100,43,57,2.7361069486647174,0.2981206871063755,0.14383927793486628,True,2.7361069486647174,2.7361069486647174,False,-0.1829906769259788,0.09567520992336254,-16.722408026755854,10.040160642570273
FOODS_3,FOODS_3_681,FOODS_3_136,COMPLEMENT_LIKE,MODERATE,85,47,38,-0.47697423083255064,-0.0028132907520498017,-0.03541874163658987,True,0.47697423083255064,-0.47697423083255064,False,-0.35613119070415006,0.22314355131420976,-29.961926923338023,25.0
FOODS_1,FOODS_1_055,FOODS_1_076,COMPLEMENT_LIKE,MODERATE,52,33,19,-1.7358104055449566,-0.011649672819898718,0.1418488510519177,True,1.7358104055449566,-1.7358104055449566,False,-0.1285188508009783,0.21283418165534837,-12.060301507537686,23.7179487179487
FOODS_3,FOODS_3_224,FOODS_3_274,COMPLEMENT_LIKE,MODERATE,126,66,60,-0.7768172301449131,-0.0022890810809735544,0.08679638112335852,True,0.7768172301449131,-0.7768172301449131,False,-0.35534072092559577,0.35534072092559577,-29.90654205607477,42.66666666666667
FOODS_2,FOODS_2_056,FOODS_2_240,COMPLEMENT_LIKE,MODERATE,56,34,22,-8.514630227567135,-1.3604204808079159,0.09556198842104813,True,8.514630227567135,-5.504521024274022,True,-0.13282448769525804,0.1517589063837878,-12.438123951024032,16.387959866220726
FOODS_2,FOODS_2_294,FOODS_2_021,SUBSTITUTION_LIKE,MODERATE,50,19,31,0.9146878269974897,-0.19600611457481165,-0.011692690671027517,True,0.9146878269974897,0.9146878269974897,False,-0.2926696139628201,0.3053816495511819,-25.373134328358216,35.71428571428572
FOODS_2,FOODS_2_240,FOODS_2_399,COMPLEMENT_LIKE,MODERATE,55,26,29,-1.9637086728850222,-0.23992055859036446,0.12981482318650672,True,1.9637086728850222,-1.9637086728850222,False,-0.22543976357456,0.22543976357456008,-20.18348623853211,25.287356321839095
FOODS_3,FOODS_3_783,FOODS_3_406,SUBSTITUTION_LIKE,MODERATE,93,41,52,1.306917311313336,-0.011148327334635026,0.0653584584171093,True,1.306917311313336,1.306917311313336,False,-0.1829906769259788,0.11595988109486838,-16.722408026755854,12.295081967213118
FOODS_3,FOODS_3_753,FOODS_3_219,SUBSTITUTION_LIKE,MODERATE,94,41,53,2.6412016727912992,0.12210402497101809,0.12824200490890914,True,2.6412016727912992,2.6412016727912992,False,-0.1829906769259788,0.10176061127481423,-16.722408026755854,10.711840833820393
FOODS_3,FOODS_3_769,FOODS_3_030,COMPLEMENT_LIKE,MODERATE,58,33,25,-0.4042355640602576,0.01250028156949201,0.047474025857119684,True,0.4042355640602576,-0.4042355640602576,False,-0.2581435911171639,0.3220834991691132,-22.751569774110468,37.999999999999986
FOODS_2,FOODS_2_380,FOODS_2_294,SUBSTITUTION_LIKE,MODERATE,59,28,31,1.6712639932428595,-0.04364543098462594,0.1159785606763315,True,1.6712639932428595,1.6712639932428595,False,-0.152659725099921,0.15265972509992085,-14.157822849749024,16.4928515559063
FOODS_3,FOODS_3_257,FOODS_3_681,COMPLEMENT_LIKE,MODERATE,124,69,55,-0.5768898941855198,-0.14363973485587586,0.011053613368185444,True,0.5768898941855198,-0.5768898941855198,False,-0.28935851877903324,0.28935851877903324,-25.125628140703515,33.55704697986577
FOODS_2,FOODS_2_063,FOODS_2_240,SUBSTITUTION_LIKE,MODERATE,46,35,11,12.082004887020524,-0.921605181661145,0.11763982597573264,True,12.082004887020524,3.801313542541984,True,-0.041385216162854364,0.10469222583047845,-4.054054054054057,11.036881492062536
FOODS_1,FOODS_1_076,FOODS_1_074,SUBSTITUTION_LIKE,MODERATE,90,62,28,4.191213555113976,-0.0035619937430906735,0.11933597941387752,True,4.191213555113976,3.801313542541984,True,-0.08243051694066388,0.03791204602224894,-7.912457912457926,3.863987635239563
FOODS_2,FOODS_2_182,FOODS_2_063,COMPLEMENT_LIKE,MODERATE,68,40,28,-7.524163484771762,-0.6986486012717477,0.1439699167643127,True,7.524163484771762,-5.504521024274022,True,-0.10536051565782628,0.10536051565782635,-9.999999999999998,11.111111111111116
FOODS_2,FOODS_2_128,FOODS_2_380,COMPLEMENT_LIKE,MODERATE,49,36,13,-2.0075694140876763,-0.20482846784834577,0.0043889229362260584,True,2.0075694140876763,-2.0075694140876763,False,-0.07385518644282207,0.2402454761372293,-7.119381216923573,27.15612499572209
FOODS_2,FOODS_2_063,FOODS_2_056,COMPLEMENT_LIKE,MODERATE,44,33,11,-6.342568808043638,-0.15389516435157227,0.11166338161487743,True,6.342568808043638,-5.504521024274022,True,-0.041385216162854364,0.10545219040437488,-4.054054054054057,11.121297660978508
FOODS_3,FOODS_3_755,FOODS_3_324,COMPLEMENT_LIKE,MODERATE,66,33,33,-2.313601707170204,-0.5115531739355345,0.05606913099716604,True,2.313601707170204,-2.313601707170204,False,-0.21488643891352133,0.22314355131420976,-19.336696289961193,25.0
FOODS_3,FOODS_3_734,FOODS_3_339,COMPLEMENT_LIKE,MODERATE,59,49,10,-1.54827370743392,0.026639052956959227,-0.013476800207274264,True,1.54827370743392,-1.54827370743392,False,-0.023716526617316044,0.1353413478697623,-2.34375,14.492753623188426
FOODS_3,FOODS_3_681,FOODS_3_030,SUBSTITUTION_LIKE,MODERATE,88,48,40,0.8053135597372402,0.014117955169020488,0.06667381221113733,True,0.8053135597372402,0.8053135597372402,False,-0.3497472485413306,0.22314355131420976,-29.513377682790644,25.0
FOODS_3,FOODS_3_734,FOODS_3_769,COMPLEMENT_LIKE,MODERATE,59,49,10,-1.2386815930149513,-0.009821781159950388,-0.046447595329379476,True,1.2386815930149513,-1.2386815930149513,False,-0.023716526617316044,0.1353413478697623,-2.34375,14.492753623188426
FOODS_3,FOODS_3_124,FOODS_3_348,SUBSTITUTION_LIKE,MODERATE,88,35,53,0.8627959415341487,0.07153296043511959,0.005426786089735902,True,0.8627959415341487,0.8627959415341487,False,-0.1829906769259788,0.10713539272480185,-16.722408026755854,11.308494788172986
FOODS_3,FOODS_3_681,FOODS_3_822,SUBSTITUTION_LIKE,MODERATE,89,51,38,0.6697668966329142,-0.028281682408938608,0.04302802091006919,True,0.6697668966329142,0.6697668966329142,False,-0.3476192678203908,0.22314355131420976,-29.36322380379746,25.0
FOODS_2,FOODS_2_240,FOODS_2_388,SUBSTITUTION_LIKE,MODERATE,58,27,31,1.7089415689953154,-0.09594869202462294,0.10889277846856782,True,1.7089415689953154,1.7089415689953154,False,-0.22543976357456,0.22543976357456008,-20.18348623853211,25.287356321839095
FOODS_3,FOODS_3_086,FOODS_3_727,SUBSTITUTION_LIKE,MODERATE,76,42,34,0.6181097195064852,-0.05003608260993934,0.018812361809166678,True,0.6181097195064852,0.6181097195064852,False,-0.3327234027738122,0.22314355131420976,-28.303152177563597,25.0
FOODS_1,FOODS_1_055,FOODS_1_206,COMPLEMENT_LIKE,MODERATE,50,33,17,-2.102415519487939,-0.1518046840779902,0.10229476948758764,True,2.102415519487939,-2.102415519487939,False,-0.1237522662115611,0.21283418165534837,-11.640128897299103,23.7179487179487
FOODS_3,FOODS_3_783,FOODS_3_295,SUBSTITUTION_LIKE,MODERATE,95,40,55,1.0830845893794625,0.008068416253129618,0.03324343079102732,True,1.0830845893794625,1.0830845893794625,False,-0.1829906769259788,0.11595988109486838,-16.722408026755854,12.295081967213118
FOODS_3,FOODS_3_224,FOODS_3_727,SUBSTITUTION_LIKE,MODERATE,41,22,19,0.6486803772868565,-0.19088415772532588,0.07596691750858575,True,0.6486803772868565,0.6486803772868565,False,-0.3994442652517383,0.40101075775878414,-32.9307330291951,49.33333333333334
FOODS_3,FOODS_3_086,FOODS_3_030,SUBSTITUTION_LIKE,MODERATE,73,38,35,0.8404274536542505,-0.03565978668165062,0.06990654046188827,True,0.8404274536542505,0.8404274536542505,False,-0.33910734493663164,0.22314355131420976,-28.759402818935914,25.0
FOODS_1,FOODS_1_037,FOODS_1_206,COMPLEMENT_LIKE,MODERATE,60,41,19,-1.7568182123408627,-0.33532944497436584,0.11055049425520891,True,1.7568182123408627,-1.7568182123408627,False,-0.18975653528147268,0.18975653528147265,-17.28395061728395,20.895522388059696
FOODS_3,FOODS_3_115,FOODS_3_202,SUBSTITUTION_LIKE,MODERATE,67,36,31,0.35250657349491643,0.24804732900135612,0.10538770089635419,True,0.35250657349491643,0.35250657349491643,False,-0.4174655943278784,0.4230867094579839,-34.12858450385989,52.666666666666664
FOODS_3,FOODS_3_727,FOODS_3_285,COMPLEMENT_LIKE,MODERATE,103,57,46,-0.3424111738067811,-0.06106938062637539,-0.014200393403450251,True,0.3424111738067811,-0.3424111738067811,False,-0.28935851877903324,0.2966507424345414,-25.125628140703515,34.534534534534544
FOODS_3,FOODS_3_753,FOODS_3_348,SUBSTITUTION_LIKE,MODERATE,89,36,53,1.619054361443895,0.07459791429617352,0.03480776138085129,True,1.619054361443895,1.619054361443895,False,-0.1829906769259788,0.10683177906769069,-16.722408026755854,11.27470513876189
FOODS_3,FOODS_3_020,FOODS_3_319,COMPLEMENT_LIKE,MODERATE,77,35,42,-1.9135050778073324,-0.15510081941142806,0.050191604154092406,True,1.9135050778073324,-1.9135050778073324,False,-0.19290366612449156,0.16551443847757333,-17.543859649122805,17.999999999999993
FOODS_3,FOODS_3_086,FOODS_3_224,SUBSTITUTION_LIKE,MODERATE,78,43,35,0.6101568218631159,-0.030155247842388502,0.041899747873320736,True,0.6101568218631159,0.6101568218631159,False,-0.32846744133193256,0.22314355131420976,-27.99736290562021,25.0
FOODS_3,FOODS_3_224,FOODS_3_738,COMPLEMENT_LIKE,MODERATE,128,68,60,-0.5684767041386737,-0.005161576053339968,0.017686359649906613,True,0.5684767041386737,-0.5684767041386737,False,-0.3223496198523145,0.35534072092559577,-27.555513425813988,42.66666666666667
FOODS_3,FOODS_3_727,FOODS_3_681,COMPLEMENT_LIKE,MODERATE,124,63,61,-0.6098783276327511,-0.14909506448681342,0.027977630356159855,True,0.6098783276327511,-0.6098783276327511,False,-0.28935851877903324,0.2966507424345414,-25.125628140703515,34.534534534534544
FOODS_3,FOODS_3_704,FOODS_3_202,SUBSTITUTION_LIKE,MODERATE,55,27,28,0.7698431062388974,0.15992922200550788,0.11092985178505377,True,0.7698431062388974,0.7698431062388974,False,-0.42886632599515645,0.44611346597136403,-34.87530218454774,56.22287162764319
FOODS_2,FOODS_2_399,FOODS_2_063,COMPLEMENT_LIKE,MODERATE,69,41,28,-7.319949554126696,-0.7545668722705068,0.13426500776672046,True,7.319949554126696,-5.504521024274022,True,-0.10536051565782628,0.10536051565782635,-9.999999999999998,11.111111111111116
FOODS_2,FOODS_2_019,FOODS_2_166,SUBSTITUTION_LIKE,MODERATE,62,41,21,6.9722158871430215,-0.5028514121967871,0.13481248837179638,True,6.9722158871430215,3.801313542541984,True,-0.08923113372794264,0.09592012187873925,-8.536585365853655,10.067114093959727
FOODS_3,FOODS_3_681,FOODS_3_704,COMPLEMENT_LIKE,MODERATE,86,48,38,-0.28027403046574234,-0.10817884412028207,-0.02137175797577484,True,0.28027403046574234,-0.28027403046574234,False,-0.3540032099832103,0.22314355131420976,-29.812728564785086,25.0
FOODS_2,FOODS_2_152,FOODS_2_063,COMPLEMENT_LIKE,MODERATE,57,41,16,-1.1086594355581783,0.03603759556319224,0.03968648287005738,True,1.1086594355581783,-1.1086594355581783,False,-0.20143019075563312,0.11441035117774431,-18.243935114085566,12.121212121212132
FOODS_3,FOODS_3_090,FOODS_3_318,COMPLEMENT_LIKE,MODERATE,136,85,51,-0.9126708846513903,0.007894558554542833,-0.04956223519922309,True,0.9126708846513903,-0.9126708846513903,False,-0.32208349916911316,0.3220834991691132,-27.536231884057962,37.999999999999986
FOODS_3,FOODS_3_755,FOODS_3_115,SUBSTITUTION_LIKE,MODERATE,75,32,43,1.3820274667375796,0.014379994629542963,0.12021001013347876,True,1.3820274667375796,1.3820274667375796,False,-0.203010800667785,0.19890241652074703,-18.373057487688477,22.006290210774228
FOODS_3,FOODS_3_086,FOODS_3_704,COMPLEMENT_LIKE,MODERATE,74,40,34,-0.11153779930768119,-0.11601734285542437,-0.023013690129147113,True,0.11153779930768119,-0.11153779930768119,False,-0.3369793642156918,0.22314355131420976,-28.6076427876439,25.0
FOODS_3,FOODS_3_783,FOODS_3_501,SUBSTITUTION_LIKE,MODERATE,97,40,57,0.9488634055882608,0.015355237292142802,0.020065596015745535,True,0.9488634055882608,0.9488634055882608,False,-0.1829906769259788,0.11595988109486838,-16.722408026755854,12.295081967213118
FOODS_3,FOODS_3_086,FOODS_3_115,COMPLEMENT_LIKE,MODERATE,72,39,33,-0.6316355054268031,-0.019894020589445695,0.06646744206378763,True,0.6316355054268031,-0.6316355054268031,False,-0.3412353256575714,0.22314355131420976,-28.910840251171145,25.0
FOODS_3,FOODS_3_783,FOODS_3_738,SUBSTITUTION_LIKE,MODERATE,98,40,58,2.1553711585841073,0.31034160523176263,0.1262992889121365,True,2.1553711585841073,2.1553711585841073,False,-0.1829906769259788,0.09871791059908824,-16.722408026755854,10.375489808146554
FOODS_3,FOODS_3_734,FOODS_3_133,COMPLEMENT_LIKE,MODERATE,59,49,10,-1.5933653702026993,-0.0008878945711425068,-0.055799830881646306,True,1.5933653702026993,-1.5933653702026993,False,-0.023716526617316044,0.1353413478697623,-2.34375,14.492753623188426
FOODS_2,FOODS_2_391,FOODS_2_183,COMPLEMENT_LIKE,MODERATE,77,45,32,-1.8840615409395376,-0.2113027714936834,0.04825650299119999,True,1.8840615409395376,-1.8840615409395376,False,-0.16549708468857705,0.13059471743762144,-15.25276661529032,13.95058658580132
FOODS_3,FOODS_3_355,FOODS_3_339,SUBSTITUTION_LIKE,MODERATE,78,37,41,0.8410507730560279,-0.20457414862417173,-0.014752879085681458,True,0.8410507730560279,0.8410507730560279,False,-0.39165340103523727,0.25886163391628897,-32.40616471018476,29.54545454545454
FOODS_3,FOODS_3_124,FOODS_3_133,SUBSTITUTION_LIKE,MODERATE,92,36,56,2.0331424854223137,0.03218791894706762,0.05791012871453172,True,2.0331424854223137,2.0331424854223137,False,-0.1829906769259788,0.10331533179098866,-16.722408026755854,10.884100677406401
FOODS_3,FOODS_3_231,FOODS_3_785,COMPLEMENT_LIKE,MODERATE,74,31,43,-2.414027539382877,-0.0933039042591435,0.08221199287368297,True,2.414027539382877,-2.414027539382877,False,-0.16023386873460083,0.10176061127481423,-14.805547752140324,10.711840833820393
FOODS_3,FOODS_3_753,FOODS_3_318,SUBSTITUTION_LIKE,MODERATE,97,41,56,2.0652476991719215,0.14805837449143183,0.07964615478981363,True,2.0652476991719215,2.0652476991719215,False,-0.1829906769259788,0.09871791059908824,-16.722408026755854,10.375489808146554
FOODS_3,FOODS_3_783,FOODS_3_491,SUBSTITUTION_LIKE,MODERATE,99,41,58,1.707863011609212,0.27090803051487256,0.11058736062067431,True,1.707863011609212,1.707863011609212,False,-0.1829906769259788,0.11595988109486838,-16.722408026755854,12.295081967213118
FOODS_2,FOODS_2_212,FOODS_2_036,COMPLEMENT_LIKE,MODERATE,60,42,18,-2.402784059137347,-0.23815944438888287,0.05856234147284767,True,2.402784059137347,-2.402784059137347,False,-0.17592498189157896,0.09783946971392986,-16.1319102768317,10.278574038798958
FOODS_3,FOODS_3_681,FOODS_3_202,COMPLEMENT_LIKE,MODERATE,84,47,37,-0.016250016248714798,-0.0004867073217387803,-0.09046331019449494,True,0.016250016248714798,-0.016250016248714798,False,-0.35825917142508984,0.22314355131420976,-30.110808128228495,25.0
FOODS_2,FOODS_2_063,FOODS_2_380,COMPLEMENT_LIKE,MODERATE,36,25,11,-11.483733464692287,0.7092826551558212,0.09747929593004534,True,11.483733464692287,-5.504521024274022,True,-0.041385216162854364,0.10659213726521949,-4.054054054054057,11.248042262750419
FOODS_2,FOODS_2_381,FOODS_2_063,COMPLEMENT_LIKE,MODERATE,58,30,28,-2.2499566680399066,-0.27816701676469685,0.12124637267686977,True,2.2499566680399066,-2.2499566680399066,False,-0.2231435513142097,0.3109429838698539,-19.999999999999996,36.47114084046172
FOODS_3,FOODS_3_681,FOODS_3_115,COMPLEMENT_LIKE,MODERATE,85,47,38,-0.530628887718411,-0.02610232333503027,0.04016630316928549,True,0.530628887718411,-0.530628887718411,False,-0.35613119070415006,0.22314355131420976,-29.961926923338023,25.0
FOODS_3,FOODS_3_753,FOODS_3_808,COMPLEMENT_LIKE,MODERATE,94,39,55,-4.2364846580033735,-0.1643428687566293,0.09322256332340018,True,4.2364846580033735,-4.2364846580033735,False,-0.1829906769259788,0.09567520992336254,-16.722408026755854,10.040160642570273
FOODS_3,FOODS_3_231,FOODS_3_435,SUBSTITUTION_LIKE,MODERATE,92,39,53,2.2827240223589187,0.14472068689571707,0.11415883677880789,True,2.2827240223589187,2.2827240223589187,False,-0.1829906769259788,0.09567520992336254,-16.722408026755854,10.040160642570273
FOODS_3,FOODS_3_755,FOODS_3_578,COMPLEMENT_LIKE,MODERATE,64,32,32,-3.612251814727221,-0.8668022863738403,0.1437085609658315,True,3.612251814727221,-3.612251814727221,False,-0.20063265136348069,0.21672135278034094,-18.178705423625388,24.19979746338164
FOODS_3,FOODS_3_783,FOODS_3_090,SUBSTITUTION_LIKE,MODERATE,99,41,58,1.9002366784915843,0.2740816366752104,0.09741101660966012,True,1.9002366784915843,1.9002366784915843,False,-0.1829906769259788,0.11595988109486838,-16.722408026755854,12.295081967213118
FOODS_3,FOODS_3_738,FOODS_3_318,COMPLEMENT_LIKE,MODERATE,123,82,41,-1.0874720958923458,-0.05098089129488177,-0.07731761643831292,True,1.0874720958923458,-1.0874720958923458,False,-0.38930219035721225,0.36464311358790924,-32.24705038052843,44.0
FOODS_3,FOODS_3_681,FOODS_3_753,COMPLEMENT_LIKE,MODERATE,86,52,34,-1.1878507795093987,-0.27713521339597513,0.07995242114801948,True,1.1878507795093987,-1.1878507795093987,False,-0.3540032099832103,0.22314355131420976,-29.812728564785086,25.0
FOODS_3,FOODS_3_030,FOODS_3_202,COMPLEMENT_LIKE,MODERATE,100,54,46,-0.3690778990425045,0.039964064853547004,0.023490575313504625,True,0.3690778990425045,-0.3690778990425045,False,-0.32208349916911316,0.35097692282409465,-27.536231884057962,42.04545454545455
FOODS_3,FOODS_3_723,FOODS_3_704,COMPLEMENT_LIKE,MODERATE,137,88,49,-0.452439183255929,0.0020102334854228032,0.09504079351761996,True,0.452439183255929,-0.452439183255929,False,-0.3646431135879093,0.33059542205287196,-30.555555555555557,39.179658817942595
FOODS_3,FOODS_3_769,FOODS_3_020,COMPLEMENT_LIKE,MODERATE,84,43,41,-1.4086715482241476,-0.3582034087122435,0.06867911868417609,True,1.4086715482241476,-1.4086715482241476,False,-0.24686007793152578,0.2468600779315258,-21.875,28.000000000000004
FOODS_3,FOODS_3_086,FOODS_3_753,COMPLEMENT_LIKE,MODERATE,73,44,29,-1.0710204382124917,-0.17898957928810255,0.06446985195113553,True,1.0710204382124917,-1.0710204382124917,False,-0.33910734493663164,0.22314355131420976,-28.759402818935914,25.0
FOODS_3,FOODS_3_681,FOODS_3_432,SUBSTITUTION_LIKE,MODERATE,90,50,40,0.7614302278707418,-0.07505455406345522,0.06955856588011733,True,0.7614302278707418,0.7614302278707418,False,-0.34549128709945104,0.22314355131420976,-29.21275006003227,25.0
FOODS_3,FOODS_3_351,FOODS_3_578,COMPLEMENT_LIKE,MODERATE,76,36,40,-2.0266633029839443,-0.39971755362040656,0.07474571028248134,True,2.0266633029839443,-2.0266633029839443,False,-0.24759522063226413,0.2475952206322629,-21.932411917933365,28.094132861998162
FOODS_2,FOODS_2_294,FOODS_2_182,COMPLEMENT_LIKE,MODERATE,51,19,32,-2.000831644249796,-0.19415417282756683,0.1006833084472657,True,2.000831644249796,-2.000831644249796,False,-0.2926696139628201,0.299025631757001,-25.373134328358216,34.85441885868734
FOODS_3,FOODS_3_231,FOODS_3_808,COMPLEMENT_LIKE,MODERATE,89,37,52,-4.024676770510729,-0.14638923057927716,0.08763927862267462,True,4.024676770510729,-4.024676770510729,False,-0.1829906769259788,0.09567520992336254,-16.722408026755854,10.040160642570273
FOODS_2,FOODS_2_166,FOODS_2_294,SUBSTITUTION_LIKE,MODERATE,57,27,30,2.5347021851587614,0.21211358657343202,0.09228975660095784,True,2.5347021851587614,2.5347021851587614,False,-0.22543976357456,0.22543976357456008,-20.18348623853211,25.287356321839095
FOODS_3,FOODS_3_491,FOODS_3_318,COMPLEMENT_LIKE,MODERATE,120,82,38,-0.8629469127909907,-0.04539323202891552,-0.08067793596737927,True,0.8629469127909907,-0.8629469127909907,False,-0.3337592989508794,0.32258601596178826,-28.377384213151608,38.0693647444039
FOODS_2,FOODS_2_294,FOODS_2_212,SUBSTITUTION_LIKE,MODERATE,46,19,27,0.939833084349451,-0.0874850840681575,0.012786620379405922,True,0.939833084349451,0.939833084349451,False,-0.2231435513142097,0.3053816495511819,-19.999999999999996,35.71428571428572
FOODS_3,FOODS_3_738,FOODS_3_219,COMPLEMENT_LIKE,MODERATE,124,84,40,-1.0155922385392615,-0.10201766487101677,-0.010659175485688621,True,1.0155922385392615,-1.0155922385392615,False,-0.38793224164780654,0.36464311358790924,-32.15416870760121,44.0
FOODS_2,FOODS_2_119,FOODS_2_381,SUBSTITUTION_LIKE,MODERATE,56,25,31,0.6550736011549346,0.07420955771703294,0.08210521219888756,True,0.6550736011549346,0.6550736011549346,False,-0.2910547569304201,0.21102154086364677,-25.25252525252525,23.493895642655765
FOODS_1,FOODS_1_074,FOODS_1_055,COMPLEMENT_LIKE,MODERATE,47,29,18,-1.0367714586319308,0.011330770418075977,0.04241636772838009,True,1.0367714586319308,-1.0367714586319308,False,-0.11332868530700324,0.11332868530700327,-10.71428571428572,12.00000000000001
FOODS_1,FOODS_1_206,FOODS_1_061,COMPLEMENT_LIKE,MODERATE,63,41,22,-1.1035162652670474,-0.07491584282324786,0.017552311555710354,True,1.1035162652670474,-1.1035162652670474,False,-0.2588616339162889,0.25886163391628897,-22.807017543859644,29.54545454545454
FOODS_3,FOODS_3_753,FOODS_3_274,SUBSTITUTION_LIKE,MODERATE,93,39,54,2.1076969941561967,0.2533226281313037,0.10266308316619299,True,2.1076969941561967,2.1076969941561967,False,-0.1829906769259788,0.09567520992336254,-16.722408026755854,10.040160642570273
FOODS_3,FOODS_3_231,FOODS_3_285,SUBSTITUTION_LIKE,MODERATE,92,39,53,2.983888007419711,-0.3691373623464514,0.11225227067939214,True,2.983888007419711,2.983888007419711,False,-0.1829906769259788,0.09567520992336254,-16.722408026755854,10.040160642570273
FOODS_3,FOODS_3_124,FOODS_3_285,SUBSTITUTION_LIKE,MODERATE,98,42,56,2.5882068943434233,-0.3753260238330712,0.10014426771020823,True,2.5882068943434233,2.5882068943434233,False,-0.1829906769259788,0.09854025562372223,-16.722408026755854,10.355882794916973
FOODS_2,FOODS_2_285,FOODS_2_360,COMPLEMENT_LIKE,MODERATE,46,34,12,-0.7300724330259083,0.11026574905320766,0.11070994381211974,True,0.7300724330259083,-0.7300724330259083,False,-0.14812209461402914,0.24355530665426084,-13.767417682415056,27.577687484004105
FOODS_3,FOODS_3_231,FOODS_3_594,COMPLEMENT_LIKE,MODERATE,84,34,50,-2.6438358323602804,-0.06048081451938353,0.08373992738684222,True,2.6438358323602804,-2.6438358323602804,False,-0.1829906769259788,0.09567520992336254,-16.722408026755854,10.040160642570273
FOODS_2,FOODS_2_061,FOODS_2_240,COMPLEMENT_LIKE,MODERATE,42,25,17,-4.744794576753383,-0.2881177864058851,0.10101232620921274,True,4.744794576753383,-4.744794576753383,False,-0.17979451515407227,0.17979451515407227,-16.455813558258633,19.6971378370342
FOODS_3,FOODS_3_124,FOODS_3_324,COMPLEMENT_LIKE,MODERATE,84,36,48,-1.5263788769321802,-0.06381172693692778,0.08148936633260284,True,1.5263788769321802,-1.5263788769321802,False,-0.15048095093829597,0.11095545365861506,-13.970588235294123,11.734513210812537
FOODS_3,FOODS_3_753,FOODS_3_319,COMPLEMENT_LIKE,MODERATE,95,39,56,-4.020347899612119,-0.32385958877983434,0.098181100060319,True,4.020347899612119,-4.020347899612119,False,-0.1829906769259788,0.09567520992336254,-16.722408026755854,10.040160642570273
FOODS_2,FOODS_2_152,FOODS_2_285,COMPLEMENT_LIKE,MODERATE,53,34,19,-1.1375489573139448,0.007806937835500312,0.10210471813374122,True,1.1375489573139448,-1.1375489573139448,False,-0.22796631446791893,0.22467516819616318,-20.38489218435589,25.191598800767913
FOODS_2,FOODS_2_274,FOODS_2_152,COMPLEMENT_LIKE,MODERATE,60,36,24,-0.36031361095059933,-0.04052460391581658,0.0030406183532346587,True,0.36031361095059933,-0.36031361095059933,False,-0.15630198936977044,0.1563019893697704,-14.469914040114617,16.917922948073706
FOODS_1,FOODS_1_187,FOODS_1_074,SUBSTITUTION_LIKE,MODERATE,60,40,20,1.7943766294765469,0.10764404475190924,0.0641533613846389,True,1.7943766294765469,1.7943766294765469,False,-0.11806147085239085,0.11931538951198463,-11.1358574610245,12.672521957340033
FOODS_2,FOODS_2_034,FOODS_2_063,COMPLEMENT_LIKE,MODERATE,50,27,23,-1.9469920156483178,-0.3459169289612676,0.09322958941998738,True,1.9469920156483178,-1.9469920156483178,False,-0.2231435513142097,0.2950493878581683,-19.999999999999996,34.319269445845904
FOODS_3,FOODS_3_681,FOODS_3_224,SUBSTITUTION_LIKE,MODERATE,91,51,40,0.4220721400852329,-0.04889210852156475,0.01716436873944782,True,0.4220721400852329,0.4220721400852329,False,-0.3433633063785112,0.22314355131420976,-29.061955770104277,25.0
FOODS_2,FOODS_2_291,FOODS_2_391,COMPLEMENT_LIKE,MODERATE,57,33,24,-5.368381952059612,-0.5702741474355009,0.10826457665643885,True,5.368381952059612,-5.368381952059612,False,-0.10264562455189008,0.0793023544936277,-9.755327821587619,8.253158088170897
FOODS_3,FOODS_3_090,FOODS_3_219,COMPLEMENT_LIKE,MODERATE,137,86,51,-0.8805102099783849,-0.06510404270815795,0.0008297141776164585,True,0.8805102099783849,-0.8805102099783849,False,-0.32208349916911316,0.3220834991691132,-27.536231884057962,37.999999999999986
FOODS_3,FOODS_3_086,FOODS_3_257,SUBSTITUTION_LIKE,MODERATE,77,43,34,0.519122986935084,0.00222103204695998,0.01388164356124888,True,0.519122986935084,0.519122986935084,False,-0.3305954220528724,0.22314355131420976,-28.150420219949357,25.0
FOODS_2,FOODS_2_061,FOODS_2_166,COMPLEMENT_LIKE,MODERATE,39,23,16,-5.298927285817423,-0.20001924405751859,0.0658478435268286,True,5.298927285817423,-5.298927285817423,False,-0.18417296485486218,0.1841729648548623,-16.820807938516367,20.222374756998033
FOODS_2,FOODS_2_381,FOODS_2_152,SUBSTITUTION_LIKE,MODERATE,59,30,29,1.5776544962461585,0.20581066541296553,0.10229155494566222,True,1.5776544962461585,1.5776544962461585,False,-0.2231435513142097,0.30718761024551333,-19.999999999999996,35.95960182890058
FOODS_3,FOODS_3_822,FOODS_3_723,COMPLEMENT_LIKE,MODERATE,171,90,81,-0.5270197583313041,0.05627726524003608,-0.0013902790511768348,True,0.5270197583313041,-0.5270197583313041,False,-0.3696809076178663,0.38181497061011754,-30.90452261306532,46.49410029146615
FOODS_2,FOODS_2_166,FOODS_2_399,COMPLEMENT_LIKE,MODERATE,51,24,27,-1.7718550556619432,-0.19240726338773637,0.08908513570328735,True,1.7718550556619432,-1.7718550556619432,False,-0.22543976357456,0.22543976357456008,-20.18348623853211,25.287356321839095
FOODS_3,FOODS_3_124,FOODS_3_339,SUBSTITUTION_LIKE,MODERATE,91,35,56,1.610888396752518,0.060111062743719426,0.04973947630423081,True,1.610888396752518,1.610888396752518,False,-0.1829906769259788,0.10427034702444216,-16.722408026755854,10.990047264951217
FOODS_3,FOODS_3_769,FOODS_3_767,SUBSTITUTION_LIKE,MODERATE,84,43,41,0.63590497081634,0.15732030237362626,0.034369001970035895,True,0.63590497081634,0.63590497081634,False,-0.24686007793152578,0.2468600779315258,-21.875,28.000000000000004
FOODS_3,FOODS_3_727,FOODS_3_295,SUBSTITUTION_LIKE,MODERATE,124,62,62,0.4316798445983819,0.03938980918630335,0.09746167472532419,True,0.4316798445983819,0.4316798445983819,False,-0.28935851877903324,0.2944630753378889,-25.125628140703515,34.24053945889892
FOODS_3,FOODS_3_432,FOODS_3_723,COMPLEMENT_LIKE,MODERATE,144,76,68,-0.47085971721955533,0.021320156384964796,-0.03334185626085562,True,0.47085971721955533,-0.47085971721955533,False,-0.35534072092559577,0.35534072092559577,-29.90654205607477,42.66666666666667
FOODS_2,FOODS_2_063,FOODS_2_119,COMPLEMENT_LIKE,MODERATE,46,34,12,-0.8808870423062212,0.09536199879324082,-0.014558429773126047,True,0.8808870423062212,-0.8808870423062212,False,-0.041385216162854364,0.09643223035058661,-4.054054054054057,10.123494830853364
FOODS_2,FOODS_2_152,FOODS_2_056,SUBSTITUTION_LIKE,MODERATE,63,43,20,1.9901113224175824,-0.22389060616492595,0.05752636426771318,True,1.9901113224175824,1.9901113224175824,False,-0.20497450212521579,0.11441035117774431,-18.5331911548498,12.121212121212132
FOODS_3,FOODS_3_753,FOODS_3_594,COMPLEMENT_LIKE,MODERATE,88,36,52,-2.881530131251764,-0.10725938582537502,0.07829666857726036,True,2.881530131251764,-2.881530131251764,False,-0.1829906769259788,0.10886024618484116,-16.722408026755854,11.500651303814857
FOODS_2,FOODS_2_360,FOODS_2_052,COMPLEMENT_LIKE,MODERATE,57,41,16,-2.5879803391751697,0.5815036085557224,0.08151627128947836,True,2.5879803391751697,-2.5879803391751697,False,-0.18058033993731765,0.2780603460219381,-16.521438862088466,32.05658857025387
FOODS_3,FOODS_3_086,FOODS_3_348,SUBSTITUTION_LIKE,MODERATE,74,41,33,0.35028899757681753,-0.08342059192859391,-0.003745702024002595,True,0.35028899757681753,0.35028899757681753,False,-0.3369793642156918,0.22314355131420976,-28.6076427876439,25.0
FOODS_3,FOODS_3_231,FOODS_3_030,SUBSTITUTION_LIKE,MODERATE,94,40,54,2.1290223404466975,0.018565065977779873,0.08657077016582249,True,2.1290223404466975,2.1290223404466975,False,-0.1829906769259788,0.09567520992336254,-16.722408026755854,10.040160642570273
FOODS_1,FOODS_1_074,FOODS_1_206,COMPLEMENT_LIKE,MODERATE,39,27,12,-5.294460891463297,0.0627688543198342,0.09131721561104778,True,5.294460891463297,-5.294460891463297,False,-0.11433371889235339,0.11433371889235343,-10.803975777522323,12.11262034569439
FOODS_3,FOODS_3_681,FOODS_3_318,COMPLEMENT_LIKE,MODERATE,88,48,40,-0.1325387084474524,0.09724595592436093,-0.018885349342755875,True,0.1325387084474524,-0.1325387084474524,False,-0.3497472485413306,0.22314355131420976,-29.513377682790644,25.0
FOODS_2,FOODS_2_052,FOODS_2_294,COMPLEMENT_LIKE,MODERATE,86,44,42,-1.106401574812102,0.07194491152358354,0.08166026447272057,True,1.106401574812102,-1.106401574812102,False,-0.15438914411836097,0.2417478989817315,-14.306151645207443,27.347310847766625
FOODS_2,FOODS_2_294,FOODS_2_152,SUBSTITUTION_LIKE,MODERATE,57,22,35,0.9440031892603048,-0.06300371179164407,0.09586605552703864,True,0.9440031892603048,0.9440031892603048,False,-0.23704876384393178,0.2952120210804924,-21.104718529236184,34.34111599789552
FOODS_1,FOODS_1_201,FOODS_1_037,SUBSTITUTION_LIKE,MODERATE,52,34,18,3.51618302060242,-0.1440132520019749,0.10090108702054568,True,3.51618302060242,3.51618302060242,False,-0.219709088865575,0.13353139262452257,-19.72477064220184,14.28571428571428
FOODS_3,FOODS_3_086,FOODS_3_547,SUBSTITUTION_LIKE,MODERATE,79,44,35,1.270860900598592,-0.18230843857311033,0.0359383647724969,True,1.270860900598592,1.270860900598592,False,-0.3263394606109928,0.22314355131420976,-27.843979541486163,25.0
FOODS_3,FOODS_3_351,FOODS_3_115,SUBSTITUTION_LIKE,MODERATE,89,39,50,0.8295110713560097,0.008841318958901888,0.08708126111312242,True,0.8295110713560097,0.8295110713560097,False,-0.30500519069796433,0.3710636813908321,-26.288045178324094,44.927536231884076
FOODS_3,FOODS_3_734,FOODS_3_285,COMPLEMENT_LIKE,MODERATE,59,49,10,-1.0020876740302993,0.06048088019452127,-0.021825621417245644,True,1.0020876740302993,-1.0020876740302993,False,-0.023716526617316044,0.1353413478697623,-2.34375,14.492753623188426
FOODS_3,FOODS_3_086,FOODS_3_124,COMPLEMENT_LIKE,MODERATE,73,43,30,-1.089779161480121,-0.2151570440794831,0.023829502776186784,True,1.089779161480121,-1.089779161480121,False,-0.33910734493663164,0.22314355131420976,-28.759402818935914,25.0
FOODS_2,FOODS_2_360,FOODS_2_119,SUBSTITUTION_LIKE,MODERATE,56,40,16,0.8438447299992169,-0.056625146965160446,0.07930334374067027,True,0.8438447299992169,0.8438447299992169,False,-0.18540838802261653,0.2809182667139357,-16.923505988626935,32.434535641374104
FOODS_2,FOODS_2_240,FOODS_2_381,SUBSTITUTION_LIKE,MODERATE,57,27,30,1.2806217259768466,-0.14595485908710643,0.08112793469410817,True,1.2806217259768466,1.2806217259768466,False,-0.22543976357456,0.22543976357456008,-20.18348623853211,25.287356321839095
FOODS_3,FOODS_3_783,FOODS_3_133,SUBSTITUTION_LIKE,MODERATE,93,37,56,1.7358873600134754,0.06026642668032285,0.050488778622166164,True,1.7358873600134754,1.7358873600134754,False,-0.1829906769259788,0.11595988109486838,-16.722408026755854,12.295081967213118
FOODS_2,FOODS_2_056,FOODS_2_182,COMPLEMENT_LIKE,MODERATE,53,30,23,-5.792922359368299,-0.9480408022997568,0.08655209275321041,True,5.792922359368299,-5.504521024274022,True,-0.13718525991855457,0.07587280826147211,-12.819130003834122,7.882534775888739
FOODS_2,FOODS_2_388,FOODS_2_166,COMPLEMENT_LIKE,MODERATE,58,37,21,-1.5522206604972086,0.2518036769270012,0.1043284748326192,True,1.5522206604972086,-1.5522206604972086,False,-0.24547302771229842,0.1141923675256548,-21.76656151419558,12.096774193548377
FOODS_3,FOODS_3_030,FOODS_3_136,COMPLEMENT_LIKE,MODERATE,100,54,46,-0.14760707272288967,-0.016759549175770078,-0.0044957463199022385,True,0.14760707272288967,-0.14760707272288967,False,-0.32208349916911316,0.35097692282409465,-27.536231884057962,42.04545454545455
FOODS_3,FOODS_3_351,FOODS_3_406,SUBSTITUTION_LIKE,MODERATE,86,41,45,0.5232072784252944,-0.1311438195393007,-0.05476093368724455,True,0.5232072784252944,0.5232072784252944,False,-0.31666257140847043,0.26920748673763967,-27.142344378560317,30.892669780361636
FOODS_2,FOODS_2_291,FOODS_2_197,SUBSTITUTION_LIKE,MODERATE,55,31,24,1.4197132337222433,0.16815160083763267,0.0970756799696948,True,1.4197132337222433,1.4197132337222433,False,-0.1055094882316243,0.11064204951071147,-10.013406533014162,11.69950063773768
FOODS_3,FOODS_3_086,FOODS_3_318,COMPLEMENT_LIKE,MODERATE,76,41,35,-0.11257745719252936,0.0749461981855024,-0.02614177850251842,True,0.11257745719252936,-0.11257745719252936,False,-0.3327234027738122,0.22314355131420976,-28.303152177563597,25.0
FOODS_2,FOODS_2_291,FOODS_2_212,SUBSTITUTION_LIKE,MODERATE,56,33,23,7.2839068414470765,-0.24492600696948513,0.06752352270994344,True,7.2839068414470765,3.801313542541984,True,-0.1040775563917572,0.10770513116263476,-9.884459565066125,11.37192958501624
FOODS_3,FOODS_3_020,FOODS_3_594,COMPLEMENT_LIKE,MODERATE,73,33,40,-1.8157939135034602,-0.43726550197190256,0.07864016439666155,True,1.8157939135034602,-1.8157939135034602,False,-0.19290366612449156,0.16551443847757333,-17.543859649122805,17.999999999999993
FOODS_2,FOODS_2_119,FOODS_2_063,COMPLEMENT_LIKE,MODERATE,62,30,32,-2.4443104657245085,-0.7622467644796839,0.09719761191006493,True,2.4443104657245085,-2.4443104657245085,False,-0.2910547569304201,0.18434380217472235,-25.25252525252525,20.242914979757074
FOODS_3,FOODS_3_355,FOODS_3_406,SUBSTITUTION_LIKE,MODERATE,76,37,39,0.5070947444196591,-0.103142427794292,-0.0644460159603848,True,0.5070947444196591,0.5070947444196591,False,-0.2194737235805704,0.25886163391628897,-19.705874416294666,29.54545454545454
FOODS_3,FOODS_3_738,FOODS_3_202,COMPLEMENT_LIKE,MODERATE,140,90,50,-0.39460576198052993,0.029689356394504974,0.08708409300533404,True,0.39460576198052993,-0.39460576198052993,False,-0.366013062297315,0.36464311358790924,-30.65062574708587,44.0
FOODS_3,FOODS_3_753,FOODS_3_285,SUBSTITUTION_LIKE,MODERATE,96,41,55,2.9177440896985143,-0.34623586769903,0.09689189384387942,True,2.9177440896985143,2.9177440896985143,False,-0.1829906769259788,0.100746377716239,-16.722408026755854,10.599610093227497
FOODS_2,FOODS_2_285,FOODS_2_388,SUBSTITUTION_LIKE,MODERATE,43,32,11,1.0304943537684164,-0.05357610862728462,0.08892547673882767,True,1.0304943537684164,1.0304943537684164,False,-0.15726938183828573,0.26634559179404244,-14.552615192418095,30.518604234024593
FOODS_2,FOODS_2_291,FOODS_2_019,SUBSTITUTION_LIKE,MODERATE,52,28,24,1.6759279735421495,0.20422397215534474,0.10212916670500571,True,1.6759279735421495,1.6759279735421495,False,-0.10980528375122563,0.11945280455494199,-10.399141425750575,12.68800592062529
FOODS_1,FOODS_1_076,FOODS_1_023,SUBSTITUTION_LIKE,MODERATE,63,39,24,2.388441872559307,0.03786418404582347,0.10512762707617751,True,2.388441872559307,2.388441872559307,False,-0.08243051694066388,0.03791204602224894,-7.912457912457926,3.863987635239563
FOODS_3,FOODS_3_285,FOODS_3_704,COMPLEMENT_LIKE,MODERATE,105,56,49,-0.8773528762614766,-0.1645851658173138,-0.05152191544018114,True,0.8773528762614766,-0.8773528762614766,False,-0.32911873426656424,0.3220834991691132,-28.044242446620586,37.999999999999986
FOODS_3,FOODS_3_783,FOODS_3_339,SUBSTITUTION_LIKE,MODERATE,91,35,56,1.1922579992504057,0.009661105036873409,0.04096338160481561,True,1.1922579992504057,1.1922579992504057,False,-0.1829906769259788,0.11595988109486838,-16.722408026755854,12.295081967213118
FOODS_3,FOODS_3_355,FOODS_3_348,SUBSTITUTION_LIKE,MODERATE,78,37,41,0.329738982235181,-0.07913816457911702,-0.0875164064116909,True,0.329738982235181,0.329738982235181,False,-0.32668764236784537,0.24814620913566532,-27.86909857820796,28.16473070407204
FOODS_3,FOODS_3_281,FOODS_3_030,COMPLEMENT_LIKE,MODERATE,61,35,26,-0.1551773263304889,0.056895687201416204,0.02067208052926095,True,0.1551773263304889,-0.1551773263304889,False,-0.2231435513142097,0.3220834991691132,-19.999999999999996,37.999999999999986
FOODS_2,FOODS_2_381,FOODS_2_036,COMPLEMENT_LIKE,MODERATE,52,27,25,-1.4366105501505944,0.15623687249758975,0.09990149721347619,True,1.4366105501505944,-1.4366105501505944,False,-0.2231435513142097,0.3184537311185346,-19.999999999999996,37.49999999999999
FOODS_3,FOODS_3_020,FOODS_3_808,COMPLEMENT_LIKE,MODERATE,76,35,41,-1.3873698987799847,-0.15108442591566767,-0.02057042365245576,True,1.3873698987799847,-1.3873698987799847,False,-0.19290366612449156,0.16551443847757333,-17.543859649122805,17.999999999999993
FOODS_3,FOODS_3_755,FOODS_3_785,COMPLEMENT_LIKE,MODERATE,64,32,32,-2.9913200757064984,-0.6991774814046304,0.0678321906466518,True,2.9913200757064984,-2.9913200757064984,False,-0.20122718868955675,0.2176388097137507,-18.227336779308327,24.313797715857103
FOODS_3,FOODS_3_753,FOODS_3_785,COMPLEMENT_LIKE,MODERATE,78,33,45,-2.1497314622995587,-0.06260756095800929,0.08798022670752859,True,2.1497314622995587,-2.1497314622995587,False,-0.1829906769259788,0.11595988109486838,-16.722408026755854,12.295081967213118
FOODS_3,FOODS_3_351,FOODS_3_348,SUBSTITUTION_LIKE,MODERATE,88,45,43,0.5086115986842896,-0.10374574741093544,-0.06726375774756121,True,0.5086115986842896,0.5086115986842896,False,-0.2393148969844463,0.3710636813908321,-21.283303316330343,44.927536231884076
FOODS_2,FOODS_2_036,FOODS_2_291,SUBSTITUTION_LIKE,MODERATE,90,40,50,1.361817049397612,-0.18118631742739494,0.030551576662607882,True,1.361817049397612,1.361817049397612,False,-0.13424952550996336,0.11104900347503938,-12.562814070351758,11.74496644295302
FOODS_3,FOODS_3_491,FOODS_3_219,COMPLEMENT_LIKE,MODERATE,121,82,39,-0.7343064188440992,-0.0850048598876183,-0.03931934819888161,True,0.7343064188440992,-0.7343064188440992,False,-0.3321338350226147,0.3220834991691132,-28.260869565217384,37.999999999999986
FOODS_3,FOODS_3_681,FOODS_3_339,SUBSTITUTION_LIKE,MODERATE,87,49,38,0.6512983689224217,-0.005052435770965768,0.05279489904820778,True,0.6512983689224217,0.6512983689224217,False,-0.35187522926227044,0.22314355131420976,-29.663212376954185,25.0
FOODS_3,FOODS_3_822,FOODS_3_090,COMPLEMENT_LIKE,MODERATE,174,91,83,-0.5228698740447009,0.09313974768069774,-0.024249764936714824,True,0.5228698740447009,-0.5228698740447009,False,-0.3696809076178663,0.3766146578991525,-30.90452261306532,45.73426256889535
FOODS_1,FOODS_1_012,FOODS_1_076,SUBSTITUTION_LIKE,MODERATE,87,79,8,2.166300427120111,-0.06247019580300048,0.0867890036860215,True,2.166300427120111,2.166300427120111,False,-0.17772686541564436,0.014642205363556824,-16.282894736842113,1.474992757393298
FOODS_2,FOODS_2_380,FOODS_2_128,COMPLEMENT_LIKE,MODERATE,62,30,32,-0.27207225614512437,0.0523699974265178,0.033655511684337225,True,0.27207225614512437,-0.27207225614512437,False,-0.14925224041147075,0.14925224041147078,-13.864818024263425,16.096579476861162
FOODS_1,FOODS_1_061,FOODS_1_012,SUBSTITUTION_LIKE,MODERATE,43,31,12,0.6663968522920916,-0.15778296775136605,0.021175282514830696,True,0.6663968522920916,0.6663968522920916,False,-0.219709088865575,0.13353139262452257,-19.72477064220184,14.28571428571428
FOODS_2,FOODS_2_119,FOODS_2_021,SUBSTITUTION_LIKE,MODERATE,57,28,29,3.542113833166496,-1.0073350506695629,0.09070585553667565,True,3.542113833166496,3.542113833166496,False,-0.2910547569304201,0.20035044538807686,-25.25252525252525,22.183086813395295
FOODS_3,FOODS_3_541,FOODS_3_339,SUBSTITUTION_LIKE,MODERATE,64,27,37,0.5855352949103847,0.1465531535423195,0.06734637218218953,True,0.5855352949103847,0.5855352949103847,False,-0.34988057090244307,0.3498805709024431,-29.52277449928802,41.889808075645334
FOODS_3,FOODS_3_020,FOODS_3_635,COMPLEMENT_LIKE,MODERATE,75,35,40,-1.1372528546431604,-0.21161948291098098,-0.011853317224134186,True,1.1372528546431604,-1.1372528546431604,False,-0.19290366612449156,0.16551443847757333,-17.543859649122805,17.999999999999993
FOODS_3,FOODS_3_723,FOODS_3_202,COMPLEMENT_LIKE,MODERATE,139,89,50,-0.3579055038309224,0.009387678149770434,0.05911802041028247,True,0.3579055038309224,-0.3579055038309224,False,-0.3646431135879093,0.36464311358790924,-30.555555555555557,44.0
FOODS_3,FOODS_3_723,FOODS_3_090,SUBSTITUTION_LIKE,MODERATE,33,21,12,1.8205258789532155,-0.19557668885301185,0.06280478427358982,True,1.8205258789532155,1.8205258789532155,False,-0.3756027032631551,0.375602703263155,-31.312482789582553,45.586860700845875
FOODS_3,FOODS_3_755,FOODS_3_030,SUBSTITUTION_LIKE,MODERATE,81,38,43,0.6849425116022415,0.12757293372095035,0.06730412833374988,True,0.6849425116022415,0.6849425116022415,False,-0.1994435767113285,0.21488643891352127,-18.081355929800782,23.972110489636034
FOODS_3,FOODS_3_491,FOODS_3_704,COMPLEMENT_LIKE,MODERATE,140,91,49,-0.35276285902062127,-0.019919672206334976,0.07688110672328086,True,0.35276285902062127,-0.35276285902062127,False,-0.32258601596178826,0.3220834991691132,-27.57263699654046,37.999999999999986
FOODS_3,FOODS_3_432,FOODS_3_491,COMPLEMENT_LIKE,MODERATE,145,76,69,-0.78458407268602,0.0040677545315512395,-0.01635781852406515,True,0.78458407268602,-0.78458407268602,False,-0.35534072092559577,0.35534072092559577,-29.90654205607477,42.66666666666667
FOODS_3,FOODS_3_319,FOODS_3_704,SUBSTITUTION_LIKE,MODERATE,50,21,29,0.09957851480722564,0.015243340130382867,0.01852539318670887,True,0.09957851480722564,0.09957851480722564,False,-0.26374348502328027,0.2158479897416758,-23.182943836018303,24.091373304585648
FOODS_1,FOODS_1_019,FOODS_1_074,COMPLEMENT_LIKE,MODERATE,32,16,16,-3.2145480541180653,0.387973920470842,0.05810579675469629,True,3.2145480541180653,-3.2145480541180653,False,-0.14572785059208504,0.1370508569387412,-13.560708480313721,14.688647417241366
FOODS_3,FOODS_3_491,FOODS_3_202,COMPLEMENT_LIKE,MODERATE,136,86,50,-0.3458702695592705,-0.006319502852536374,0.06553182153345638,True,0.3458702695592705,-0.3458702695592705,False,-0.3321338350226147,0.3220834991691132,-28.260869565217384,37.999999999999986
FOODS_3,FOODS_3_783,FOODS_3_348,SUBSTITUTION_LIKE,MODERATE,88,34,54,0.5811916814810155,0.12225564251062876,-0.01657379192710251,True,0.5811916814810155,0.5811916814810155,False,-0.1829906769259788,0.11595988109486838,-16.722408026755854,12.295081967213118
FOODS_3,FOODS_3_755,FOODS_3_541,COMPLEMENT_LIKE,MODERATE,75,37,38,-1.6186644808742916,-0.24203453474561068,0.003613095691561319,True,1.6186644808742916,-1.6186644808742916,False,-0.19290366612449156,0.22039118051398018,-17.543859649122805,24.656426687444146
FOODS_3,FOODS_3_319,FOODS_3_785,SUBSTITUTION_LIKE,MODERATE,42,15,27,0.8797210510500357,-0.061668959607819415,0.05170562373699661,True,0.8797210510500357,0.8797210510500357,False,-0.12783337150988489,0.3477441549074523,-12.0,41.586996001601996
FOODS_3,FOODS_3_432,FOODS_3_090,COMPLEMENT_LIKE,MODERATE,147,76,71,-0.5442561227333828,0.04373071115188612,-0.07276234863389752,True,0.5442561227333828,-0.5442561227333828,False,-0.35534072092559577,0.35534072092559577,-29.90654205607477,42.66666666666667
