dept_id,source_item,target_item,price_change_events,source_up_events,source_down_events,cross_price_corr,target_dev_source_up,target_dev_source_down,absolute_cross_price_corr,direction_consistent,relationship_type,edge_strength
FOODS_2,FOODS_2_063,FOODS_2_212,34,23,11,0.651266309239577,0.0887131205454937,-1.8337674612511476,0.651266309239577,True,SUBSTITUTION_LIKE,MODERATE
FOODS_1,FOODS_1_055,FOODS_1_201,52,33,19,0.640603372356574,0.25857548727374,-0.8990227939046289,0.640603372356574,True,SUBSTITUTION_LIKE,STRONG
FOODS_3,FOODS_3_734,FOODS_3_030,56,47,9,-0.6283903544847287,-0.08544633754156966,0.9368769455451557,0.6283903544847287,True,COMPLEMENT_LIKE,MODERATE
FOODS_2,FOODS_2_291,FOODS_2_166,57,34,23,-0.6192398268629992,-1.550422176828897,-0.09814872506020597,0.6192398268629992,True,COMPLEMENT_LIKE,STRONG
FOODS_2,FOODS_2_291,FOODS_2_240,56,33,23,-0.6178625658945269,-1.924729454931102,-0.2601733411598048,0.6178625658945269,True,COMPLEMENT_LIKE,STRONG
FOODS_1,FOODS_1_055,FOODS_1_166,51,32,19,0.610663436362315,0.19286110809430468,-1.1808450848456384,0.610663436362315,True,SUBSTITUTION_LIKE,STRONG
FOODS_2,FOODS_2_285,FOODS_2_119,45,33,12,0.5927568004858086,0.16180398130198495,-1.0154570004784258,0.5927568004858086,True,SUBSTITUTION_LIKE,STRONG
FOODS_3,FOODS_3_734,FOODS_3_224,58,48,10,-0.5872453084489919,0.18662698623796048,1.3377550931120075,0.5872453084489919,True,COMPLEMENT_LIKE,STRONG
FOODS_3,FOODS_3_734,FOODS_3_727,59,49,10,-0.5820787270566471,0.25049980436312214,1.4214037870461733,0.5820787270566471,True,COMPLEMENT_LIKE,STRONG
FOODS_3,FOODS_3_231,FOODS_3_723,95,41,54,0.577336347098964,0.7559766860853195,-0.05430318531656981,0.577336347098964,True,SUBSTITUTION_LIKE,STRONG
FOODS_2,FOODS_2_285,FOODS_2_019,36,26,10,0.5740884253249914,0.33053457636538625,-0.31955526697436865,0.5740884253249914,True,SUBSTITUTION_LIKE,MODERATE
FOODS_2,FOODS_2_294,FOODS_2_183,52,21,31,-0.5731350045364456,-0.9422461053482274,0.02069373293464509,0.5731350045364456,True,COMPLEMENT_LIKE,STRONG
FOODS_3,FOODS_3_734,FOODS_3_822,58,48,10,-0.5719894032735312,0.20689171595652703,1.3233049716504592,0.5719894032735312,True,COMPLEMENT_LIKE,STRONG
FOODS_3,FOODS_3_734,FOODS_3_257,59,49,10,-0.5699658543131059,0.35675787575508083,1.439795274882146,0.5699658543131059,True,COMPLEMENT_LIKE,STRONG
FOODS_2,FOODS_2_240,FOODS_2_182,53,25,28,-0.5697210098086939,-0.9263810091173391,0.02455303435059797,0.5697210098086939,True,COMPLEMENT_LIKE,STRONG
FOODS_3,FOODS_3_231,FOODS_3_090,95,41,54,0.566263769724686,0.7522395707052608,-0.3069131800051831,0.566263769724686,True,SUBSTITUTION_LIKE,STRONG
FOODS_3,FOODS_3_231,FOODS_3_295,90,37,53,0.5520191131605923,0.33872704839151263,-0.48194992986594437,0.5520191131605923,True,SUBSTITUTION_LIKE,STRONG
FOODS_2,FOODS_2_166,FOODS_2_182,50,23,27,-0.5518316658406807,-0.8100896818411117,0.11407848794881428,0.5518316658406807,True,COMPLEMENT_LIKE,STRONG
FOODS_3,FOODS_3_281,FOODS_3_202,90,47,43,-0.5473508608116461,-1.0350567538607065,-0.04756630611532875,0.5473508608116461,True,COMPLEMENT_LIKE,STRONG
FOODS_3,FOODS_3_124,FOODS_3_723,100,43,57,0.5466703398105868,0.7135087748372441,-0.03890342912853799,0.5466703398105868,True,SUBSTITUTION_LIKE,STRONG
FOODS_3,FOODS_3_281,FOODS_3_136,93,48,45,-0.5439091817191374,-0.8467690480590502,-0.06274004381671021,0.5439091817191374,True,COMPLEMENT_LIKE,STRONG
FOODS_3,FOODS_3_231,FOODS_3_406,89,39,50,0.543773275605483,0.31316375280472425,-0.45159174993630424,0.543773275605483,True,SUBSTITUTION_LIKE,STRONG
FOODS_2,FOODS_2_240,FOODS_2_036,57,27,30,-0.5378768536432411,-0.5226393995952205,0.39152248001432116,0.5378768536432411,True,COMPLEMENT_LIKE,STRONG
FOODS_1,FOODS_1_061,FOODS_1_037,39,27,12,0.5211076239015789,0.27842651819890823,-0.9020933054392531,0.5211076239015789,True,SUBSTITUTION_LIKE,MODERATE
FOODS_2,FOODS_2_294,FOODS_2_056,61,20,41,-0.5190013844051181,-1.4376600205596957,0.15422851737348198,0.5190013844051181,True,COMPLEMENT_LIKE,STRONG
FOODS_2,FOODS_2_034,FOODS_2_212,42,19,23,0.5178810359886333,0.46455965979117836,-0.731233416581234,0.5178810359886333,True,SUBSTITUTION_LIKE,STRONG
FOODS_3,FOODS_3_734,FOODS_3_432,58,48,10,-0.516429786521062,0.18801591789493355,1.1852057193034036,0.516429786521062,True,COMPLEMENT_LIKE,STRONG
FOODS_2,FOODS_2_285,FOODS_2_197,45,32,13,0.5158132358390195,0.2610747138253147,-0.3908593614317001,0.5158132358390195,True,SUBSTITUTION_LIKE,STRONG
FOODS_3,FOODS_3_124,FOODS_3_090,100,43,57,0.5145556934616234,0.7084572871967962,-0.23231359801346943,0.5145556934616234,True,SUBSTITUTION_LIKE,STRONG
FOODS_3,FOODS_3_231,FOODS_3_491,95,41,54,0.5140490950234419,0.7668672429273646,-0.09198123963046584,0.5140490950234419,True,SUBSTITUTION_LIKE,STRONG
FOODS_3,FOODS_3_257,FOODS_3_090,120,65,55,-0.5135704943659134,-0.7425553091630048,0.16610126602196593,0.5135704943659134,True,COMPLEMENT_LIKE,STRONG
FOODS_3,FOODS_3_090,FOODS_3_491,41,17,24,-0.510296114234043,-0.200551254793543,0.22967785534455323,0.510296114234043,True,COMPLEMENT_LIKE,STRONG
FOODS_2,FOODS_2_052,FOODS_2_360,95,51,44,0.5074408422472036,0.20056793856504398,-0.8612818337171911,0.5074408422472036,True,SUBSTITUTION_LIKE,STRONG
FOODS_3,FOODS_3_257,FOODS_3_723,118,65,53,-0.5031782553176131,-0.748198633465035,0.13278348519569017,0.5031782553176131,True,COMPLEMENT_LIKE,STRONG
FOODS_2,FOODS_2_052,FOODS_2_021,81,42,39,0.5006592130612088,0.11238097400759173,-0.8351917394048647,0.5006592130612088,True,SUBSTITUTION_LIKE,STRONG
FOODS_1,FOODS_1_055,FOODS_1_219,49,31,18,0.5004888420013611,0.15227673541035508,-0.9222063512512805,0.5004888420013611,True,SUBSTITUTION_LIKE,STRONG
FOODS_3,FOODS_3_727,FOODS_3_090,121,61,60,-0.4991180106636819,-0.8882136891095516,0.1823572286890318,0.4991180106636819,True,COMPLEMENT_LIKE,STRONG
FOODS_3,FOODS_3_231,FOODS_3_501,92,38,54,0.4986021845561004,0.2641758292761684,-0.44203380942816156,0.4986021845561004,True,SUBSTITUTION_LIKE,STRONG
FOODS_3,FOODS_3_257,FOODS_3_491,119,65,54,-0.49779778760333226,-0.6493181947291481,0.16852259090096722,0.49779778760333226,True,COMPLEMENT_LIKE,STRONG
FOODS_3,FOODS_3_257,FOODS_3_274,115,63,52,-0.49494239277079827,-0.43231464555900856,0.18166179800921226,0.49494239277079827,True,COMPLEMENT_LIKE,STRONG
FOODS_2,FOODS_2_052,FOODS_2_128,82,43,39,0.4923414869765199,0.0979928425013207,-0.9166184731017005,0.4923414869765199,True,SUBSTITUTION_LIKE,STRONG
FOODS_3,FOODS_3_727,FOODS_3_491,120,61,59,-0.49055359551429706,-0.7603685412303229,0.20099120914539265,0.49055359551429706,True,COMPLEMENT_LIKE,STRONG
FOODS_3,FOODS_3_020,FOODS_3_202,70,31,39,0.48871041068869553,0.3737813360651984,-1.0113467034677506,0.48871041068869553,True,SUBSTITUTION_LIKE,STRONG
FOODS_3,FOODS_3_681,FOODS_3_783,86,52,34,-0.4877157827961123,-0.8505989005237607,0.16180393427729503,0.4877157827961123,True,COMPLEMENT_LIKE,STRONG
FOODS_2,FOODS_2_274,FOODS_2_052,62,35,27,0.48715352564853126,0.5099998964690442,-0.25881080286076924,0.48715352564853126,True,SUBSTITUTION_LIKE,STRONG
FOODS_2,FOODS_2_128,FOODS_2_119,49,36,13,0.48521866280259673,0.1493620496549217,-0.29500687029528194,0.48521866280259673,True,SUBSTITUTION_LIKE,STRONG
FOODS_3,FOODS_3_769,FOODS_3_202,83,44,39,-0.4803818063989337,-0.8648059150788097,-0.01251257968036696,0.4803818063989337,True,COMPLEMENT_LIKE,STRONG
FOODS_3,FOODS_3_734,FOODS_3_501,51,41,10,-0.47938455829690263,-0.7358149753927486,-0.05260930958967791,0.47938455829690263,True,COMPLEMENT_LIKE,STRONG
FOODS_3,FOODS_3_124,FOODS_3_295,95,40,55,0.478410523088485,0.18686412993296658,-0.5881249537666101,0.478410523088485,True,SUBSTITUTION_LIKE,STRONG
FOODS_3,FOODS_3_727,FOODS_3_738,119,60,59,-0.47337445090415986,-0.6428802406738556,0.12622538147706835,0.47337445090415986,True,COMPLEMENT_LIKE,STRONG
FOODS_3,FOODS_3_727,FOODS_3_723,119,61,58,-0.4721227175990495,-0.8107035727097279,0.13747193042418912,0.4721227175990495,True,COMPLEMENT_LIKE,STRONG
FOODS_2,FOODS_2_183,FOODS_2_212,35,25,10,0.47054196764885187,-0.07404687564184959,-1.5715252564120517,0.47054196764885187,True,SUBSTITUTION_LIKE,MODERATE
FOODS_3,FOODS_3_734,FOODS_3_295,50,41,9,-0.470244198881808,-0.7713974981898282,0.0,0.470244198881808,True,COMPLEMENT_LIKE,MODERATE
FOODS_2,FOODS_2_285,FOODS_2_166,40,27,13,-0.46998948913919103,-0.5866742493949894,0.1546162934408041,0.46998948913919103,True,COMPLEMENT_LIKE,STRONG
FOODS_3,FOODS_3_753,FOODS_3_723,97,41,56,0.46957289861141377,0.6632948688168006,-0.0759783780630361,0.46957289861141377,True,SUBSTITUTION_LIKE,STRONG
FOODS_3,FOODS_3_681,FOODS_3_231,87,52,35,-0.46939331023181535,-0.7493270075148288,0.21500486132170796,0.46939331023181535,True,COMPLEMENT_LIKE,STRONG
FOODS_3,FOODS_3_231,FOODS_3_318,94,40,54,0.46872387753915673,0.486171606155422,-0.3310220790197316,0.46872387753915673,True,SUBSTITUTION_LIKE,STRONG
FOODS_3,FOODS_3_281,FOODS_3_704,90,47,43,-0.46846086768809403,-0.7350522923148821,-0.03941881023088392,0.46846086768809403,True,COMPLEMENT_LIKE,STRONG
FOODS_3,FOODS_3_124,FOODS_3_491,100,43,57,0.46781957680811614,0.6994912307350731,-0.08338868752244394,0.46781957680811614,True,SUBSTITUTION_LIKE,STRONG
FOODS_3,FOODS_3_755,FOODS_3_202,72,30,42,0.46727289984007986,0.36404784308851756,-1.0575491517755242,0.46727289984007986,True,SUBSTITUTION_LIKE,STRONG
FOODS_2,FOODS_2_166,FOODS_2_388,53,25,28,0.46519376762332676,0.11497882925704735,-0.5530532560174822,0.46519376762332676,True,SUBSTITUTION_LIKE,STRONG
FOODS_3,FOODS_3_020,FOODS_3_348,69,35,34,0.46475832602894146,0.02353987741550102,-1.213007226425786,0.46475832602894146,True,SUBSTITUTION_LIKE,STRONG
FOODS_3,FOODS_3_124,FOODS_3_406,95,42,53,0.4637737914322387,0.15216666491701739,-0.49781356623558093,0.4637737914322387,True,SUBSTITUTION_LIKE,STRONG
FOODS_3,FOODS_3_769,FOODS_3_136,86,45,41,-0.4626420724368534,-0.723022160143968,-0.0322787581150967,0.4626420724368534,True,COMPLEMENT_LIKE,STRONG
FOODS_3,FOODS_3_020,FOODS_3_406,64,32,32,0.4618209811472377,-0.07881846662705895,-1.2349960389311743,0.4618209811472377,True,SUBSTITUTION_LIKE,STRONG
FOODS_2,FOODS_2_399,FOODS_2_036,71,41,30,0.461037489490989,0.33282685880703944,-0.526108630455959,0.461037489490989,True,SUBSTITUTION_LIKE,STRONG
FOODS_3,FOODS_3_281,FOODS_3_115,92,46,46,-0.46059056643859525,-0.5495803998287817,-0.07911997301975061,0.46059056643859525,True,COMPLEMENT_LIKE,STRONG
FOODS_2,FOODS_2_380,FOODS_2_152,64,30,34,0.4590287376210172,0.2225555762465446,-0.13066773247622182,0.4590287376210172,True,SUBSTITUTION_LIKE,STRONG
FOODS_2,FOODS_2_183,FOODS_2_399,39,25,14,-0.457295901708792,-0.3305234679001585,0.9185987864678472,0.457295901708792,True,COMPLEMENT_LIKE,MODERATE
FOODS_3,FOODS_3_086,FOODS_3_783,74,44,30,-0.45532954719697394,-0.8195628794143283,0.04523853169129342,0.45532954719697394,True,COMPLEMENT_LIKE,STRONG
FOODS_3,FOODS_3_020,FOODS_3_339,71,35,36,0.45396653187480956,-0.11950237436986172,-1.1552430492120438,0.45396653187480956,True,SUBSTITUTION_LIKE,STRONG
FOODS_3,FOODS_3_086,FOODS_3_231,75,44,31,-0.4520242367193745,-0.7623334243256548,0.25010817343686564,0.4520242367193745,True,COMPLEMENT_LIKE,STRONG
FOODS_2,FOODS_2_294,FOODS_2_291,53,17,36,-0.45179307384678274,-1.25950003075774,-0.12855436889673333,0.45179307384678274,True,COMPLEMENT_LIKE,STRONG
FOODS_3,FOODS_3_231,FOODS_3_348,85,34,51,0.4516814372763822,0.2985277635205754,-0.35515572513658406,0.4516814372763822,True,SUBSTITUTION_LIKE,STRONG
FOODS_3,FOODS_3_753,FOODS_3_738,97,41,56,0.4515588398150218,0.7498248536337856,-0.01716370161202176,0.4515588398150218,True,SUBSTITUTION_LIKE,STRONG
FOODS_3,FOODS_3_020,FOODS_3_704,69,29,40,0.4495648464647962,0.34702295631894087,-0.6852212133783983,0.4495648464647962,True,SUBSTITUTION_LIKE,STRONG
FOODS_2,FOODS_2_021,FOODS_2_061,49,36,13,0.4493515545612328,0.03037911086278984,-0.4333376688550285,0.4493515545612328,True,SUBSTITUTION_LIKE,STRONG
FOODS_2,FOODS_2_285,FOODS_2_240,43,30,13,-0.44846598603030385,-0.8857489694458012,0.006641463598501587,0.44846598603030385,True,COMPLEMENT_LIKE,STRONG
FOODS_2,FOODS_2_291,FOODS_2_360,55,32,23,0.4465323302389594,0.09890271182346416,-0.18118879007443864,0.4465323302389594,True,SUBSTITUTION_LIKE,STRONG
FOODS_2,FOODS_2_128,FOODS_2_061,48,36,12,0.446244354697675,0.03217011999136434,-0.40079026847610094,0.446244354697675,True,SUBSTITUTION_LIKE,STRONG
FOODS_2,FOODS_2_036,FOODS_2_183,89,41,48,-0.4453121312473688,-0.983960406554744,0.022575005663926246,0.4453121312473688,True,COMPLEMENT_LIKE,STRONG
FOODS_1,FOODS_1_037,FOODS_1_074,65,44,21,0.44439812428748793,0.13298108680673087,-1.0917980170894344,0.44439812428748793,True,SUBSTITUTION_LIKE,STRONG
FOODS_2,FOODS_2_063,FOODS_2_166,45,33,12,0.4412065167921735,-0.4917148353240206,-1.8674890227704484,0.4412065167921735,True,SUBSTITUTION_LIKE,STRONG
FOODS_2,FOODS_2_166,FOODS_2_291,52,25,27,0.4410374101886759,0.6765485593486312,-0.3659797875076123,0.4410374101886759,True,SUBSTITUTION_LIKE,STRONG
FOODS_3,FOODS_3_020,FOODS_3_501,68,32,36,0.44072177478618574,-0.03793495242463825,-1.1183025175860266,0.44072177478618574,True,SUBSTITUTION_LIKE,STRONG
FOODS_3,FOODS_3_124,FOODS_3_501,97,41,56,0.4406573294394386,0.1414771720114673,-0.5375226673964992,0.4406573294394386,True,SUBSTITUTION_LIKE,STRONG
FOODS_3,FOODS_3_753,FOODS_3_491,98,42,56,0.4406458117987696,0.6769503587473557,-0.08122448829191496,0.4406458117987696,True,SUBSTITUTION_LIKE,STRONG
FOODS_3,FOODS_3_753,FOODS_3_090,98,42,56,0.4405412005850933,0.6477415976924698,-0.2619907194775462,0.4405412005850933,True,SUBSTITUTION_LIKE,STRONG
FOODS_3,FOODS_3_257,FOODS_3_738,119,65,54,-0.44030924969014257,-0.47174155137366053,0.08487438063111209,0.44030924969014257,True,COMPLEMENT_LIKE,STRONG
FOODS_1,FOODS_1_019,FOODS_1_150,33,16,17,-0.43753107794892143,-0.1331330110541094,0.5936617119628274,0.43753107794892143,True,COMPLEMENT_LIKE,MODERATE
FOODS_1,FOODS_1_166,FOODS_1_037,46,30,16,0.4372218000340574,0.27216356065452507,-0.7419560166414032,0.4372218000340574,True,SUBSTITUTION_LIKE,STRONG
FOODS_3,FOODS_3_020,FOODS_3_136,72,32,40,0.43636292345669503,0.2190814470618197,-0.7618360222387089,0.43636292345669503,True,SUBSTITUTION_LIKE,STRONG
FOODS_1,FOODS_1_037,FOODS_1_055,71,46,25,0.4346667474049141,0.3257179080115887,-0.22974795039418833,0.4346667474049141,True,SUBSTITUTION_LIKE,STRONG
FOODS_2,FOODS_2_360,FOODS_2_285,58,42,16,-0.433654827728481,-0.31611807353458354,0.3257019683249862,0.433654827728481,True,COMPLEMENT_LIKE,STRONG
FOODS_2,FOODS_2_183,FOODS_2_119,44,29,15,0.43310094171541874,-0.03766278567152841,-0.6864189993226554,0.43310094171541874,True,SUBSTITUTION_LIKE,STRONG
FOODS_3,FOODS_3_224,FOODS_3_090,131,69,62,-0.4326836162762789,-0.7822975809044665,0.11056140944752174,0.4326836162762789,True,COMPLEMENT_LIKE,STRONG
FOODS_3,FOODS_3_755,FOODS_3_136,74,31,43,0.43241743579665665,0.25638768185610933,-0.8246648788401194,0.43241743579665665,True,SUBSTITUTION_LIKE,STRONG
FOODS_3,FOODS_3_231,FOODS_3_219,91,40,51,0.43124191679460866,0.46834504424266116,-0.24685185470546153,0.43124191679460866,True,SUBSTITUTION_LIKE,STRONG
FOODS_3,FOODS_3_753,FOODS_3_295,96,40,56,0.42895971282624307,0.13696348431317712,-0.5648332726256488,0.42895971282624307,True,SUBSTITUTION_LIKE,STRONG
FOODS_2,FOODS_2_285,FOODS_2_274,31,22,9,-0.4286951670274089,-0.28295765445153215,0.5864994491169209,0.4286951670274089,True,COMPLEMENT_LIKE,MODERATE
FOODS_3,FOODS_3_020,FOODS_3_295,70,34,36,0.42787763898767117,-0.08413580694732634,-1.140550189041564,0.42787763898767117,True,SUBSTITUTION_LIKE,STRONG
FOODS_3,FOODS_3_020,FOODS_3_785,61,29,32,-0.4223423025478685,-2.372070127366508,0.07049390201760805,0.4223423025478685,True,COMPLEMENT_LIKE,STRONG
FOODS_2,FOODS_2_036,FOODS_2_388,81,38,43,0.4223222768337599,0.3669678855184531,-0.09826571303262344,0.4223222768337599,True,SUBSTITUTION_LIKE,STRONG
FOODS_3,FOODS_3_755,FOODS_3_704,71,29,42,0.4218886917174884,0.2768093211772741,-0.7048470854270441,0.4218886917174884,True,SUBSTITUTION_LIKE,STRONG
FOODS_3,FOODS_3_723,FOODS_3_318,122,80,42,-0.42140735535230167,-0.7765493535656944,-0.07415226198114593,0.42140735535230167,True,COMPLEMENT_LIKE,STRONG
FOODS_1,FOODS_1_187,FOODS_1_061,60,40,20,-0.42104600608732506,-0.5042838140761972,0.5918489838212462,0.42104600608732506,True,COMPLEMENT_LIKE,STRONG
FOODS_3,FOODS_3_753,FOODS_3_133,92,37,55,0.4199509779474047,0.15566175263850343,-0.46811263760810473,0.4199509779474047,True,SUBSTITUTION_LIKE,STRONG
FOODS_2,FOODS_2_322,FOODS_2_119,40,27,13,0.41918892368211313,-0.20669741682161202,-1.091011925926855,0.41918892368211313,True,SUBSTITUTION_LIKE,STRONG
FOODS_3,FOODS_3_020,FOODS_3_324,64,31,33,-0.41873359473488814,-1.9423665035978888,0.12221030749127033,0.41873359473488814,True,COMPLEMENT_LIKE,STRONG
FOODS_3,FOODS_3_769,FOODS_3_704,83,44,39,-0.4186462501384286,-0.6488399270906174,-0.009345965750443256,0.4186462501384286,True,COMPLEMENT_LIKE,STRONG
FOODS_3,FOODS_3_086,FOODS_3_136,72,39,33,-0.4182246290454389,-0.7029024919888666,0.11379675737510202,0.4182246290454389,True,COMPLEMENT_LIKE,STRONG
FOODS_3,FOODS_3_753,FOODS_3_406,93,41,52,0.41602136583098964,0.11082282491394818,-0.4958495806600196,0.41602136583098964,True,SUBSTITUTION_LIKE,STRONG
FOODS_3,FOODS_3_734,FOODS_3_406,51,41,10,-0.415786244884085,-0.7273716439069449,0.0,0.415786244884085,True,COMPLEMENT_LIKE,STRONG
FOODS_3,FOODS_3_224,FOODS_3_491,130,69,61,-0.41501018301443054,-0.6638284165453165,0.12650698357314738,0.41501018301443054,True,COMPLEMENT_LIKE,STRONG
FOODS_3,FOODS_3_755,FOODS_3_406,70,36,34,0.41441370143533857,-0.04344103988193813,-1.047483231916658,0.41441370143533857,True,SUBSTITUTION_LIKE,STRONG
FOODS_3,FOODS_3_231,FOODS_3_738,94,40,54,0.4136449958501851,0.7264830033353663,-0.0134710629959724,0.4136449958501851,True,SUBSTITUTION_LIKE,STRONG
FOODS_2,FOODS_2_380,FOODS_2_381,64,31,33,0.4132911051476455,0.3515535676145323,0.009351307791171649,0.4132911051476455,True,SUBSTITUTION_LIKE,STRONG
FOODS_1,FOODS_1_219,FOODS_1_037,42,28,14,0.4128524777256972,0.2997849818777712,-0.627347048449192,0.4128524777256972,True,SUBSTITUTION_LIKE,STRONG
FOODS_3,FOODS_3_231,FOODS_3_339,87,33,54,0.4114618554645587,0.22208497764258683,-0.29771080934665667,0.4114618554645587,True,SUBSTITUTION_LIKE,STRONG
FOODS_2,FOODS_2_056,FOODS_2_166,57,34,23,-0.411399939918551,-1.5550434066268,-0.08954911893214447,0.411399939918551,True,COMPLEMENT_LIKE,STRONG
FOODS_3,FOODS_3_769,FOODS_3_115,84,43,41,-0.4106173084905333,-0.4621277744627893,-0.06059097852718879,0.4106173084905333,True,COMPLEMENT_LIKE,STRONG
FOODS_2,FOODS_2_360,FOODS_2_063,58,42,16,0.41002849808112496,-0.12793234013531696,-0.5217202359015671,0.41002849808112496,True,SUBSTITUTION_LIKE,STRONG
FOODS_3,FOODS_3_020,FOODS_3_578,61,30,31,-0.4096818803879659,-1.913842565941341,0.04784884152706618,0.4096818803879659,True,COMPLEMENT_LIKE,STRONG
FOODS_3,FOODS_3_734,FOODS_3_348,59,49,10,-0.4089647295530888,-0.5176934312562452,-0.037948962170490375,0.4089647295530888,True,COMPLEMENT_LIKE,STRONG
FOODS_2,FOODS_2_240,FOODS_2_294,60,28,32,0.40822947350830796,0.5372658054131897,-0.39378348667984925,0.40822947350830796,True,SUBSTITUTION_LIKE,STRONG
FOODS_2,FOODS_2_381,FOODS_2_212,45,20,25,0.40808033580639297,0.30562530076899624,-0.6003401502591217,0.40808033580639297,True,SUBSTITUTION_LIKE,STRONG
FOODS_3,FOODS_3_727,FOODS_3_281,101,55,46,-0.40671620278426684,-1.176508190328766,0.18686787761094995,0.40671620278426684,True,COMPLEMENT_LIKE,STRONG
FOODS_2,FOODS_2_119,FOODS_2_212,58,29,29,0.4066719656441871,0.42991097677993356,-0.13920668777140105,0.4066719656441871,True,SUBSTITUTION_LIKE,STRONG
FOODS_3,FOODS_3_723,FOODS_3_219,125,82,43,-0.4062461857601915,-0.567918790992736,0.02939072777985928,0.4062461857601915,True,COMPLEMENT_LIKE,STRONG
FOODS_2,FOODS_2_021,FOODS_2_119,49,36,13,0.40506426895025227,0.15317497981759212,-0.19503138979909787,0.40506426895025227,True,SUBSTITUTION_LIKE,STRONG
FOODS_3,FOODS_3_224,FOODS_3_723,129,69,60,-0.4039877922702114,-0.7292037205753643,0.08206526300090383,0.4039877922702114,True,COMPLEMENT_LIKE,STRONG
FOODS_2,FOODS_2_166,FOODS_2_391,56,26,30,-0.4025500341839183,-0.4349752506178818,0.030240723614628953,0.4025500341839183,True,COMPLEMENT_LIKE,STRONG
FOODS_3,FOODS_3_755,FOODS_3_339,69,36,33,0.4025130934116957,-0.1179187098063055,-1.0830564696138099,0.4025130934116957,True,SUBSTITUTION_LIKE,STRONG
FOODS_3,FOODS_3_734,FOODS_3_281,59,49,10,-0.40223218893535195,-0.40729862185635096,0.0,0.40223218893535195,True,COMPLEMENT_LIKE,STRONG
FOODS_3,FOODS_3_783,FOODS_3_723,99,41,58,0.4017374097015969,0.6598305752226326,-0.006565588684560069,0.4017374097015969,True,SUBSTITUTION_LIKE,STRONG
FOODS_3,FOODS_3_231,FOODS_3_133,89,35,54,0.40162422109921675,0.16984244727878303,-0.37469244000320634,0.40162422109921675,True,SUBSTITUTION_LIKE,STRONG
FOODS_2,FOODS_2_360,FOODS_2_183,56,40,16,-0.40062640592795634,-0.6027049605363425,-0.08867077840760071,0.40062640592795634,True,COMPLEMENT_LIKE,STRONG
FOODS_2,FOODS_2_294,FOODS_2_128,50,19,31,0.4004202328387594,-0.1484194799974807,-1.00445961525609,0.4004202328387594,True,SUBSTITUTION_LIKE,STRONG
FOODS_2,FOODS_2_052,FOODS_2_240,94,50,44,-0.3997608326681619,-1.2109798190972991,-0.4536367948134703,0.3997608326681619,True,COMPLEMENT_LIKE,MODERATE
FOODS_3,FOODS_3_755,FOODS_3_348,72,37,35,0.3989499228776231,0.0414501665088532,-0.9974087498903171,0.3989499228776231,True,SUBSTITUTION_LIKE,MODERATE
FOODS_3,FOODS_3_020,FOODS_3_133,67,32,35,0.3978631686855044,-0.15900576826232157,-0.9949626336810671,0.3978631686855044,True,SUBSTITUTION_LIKE,MODERATE
FOODS_3,FOODS_3_755,FOODS_3_133,69,35,34,0.39707725390039933,-0.11084841311231447,-1.113648275735476,0.39707725390039933,True,SUBSTITUTION_LIKE,MODERATE
FOODS_2,FOODS_2_021,FOODS_2_380,49,36,13,-0.39601515166584816,-0.8485924080229297,-0.0837358646787237,0.39601515166584816,True,COMPLEMENT_LIKE,MODERATE
FOODS_3,FOODS_3_124,FOODS_3_318,100,42,58,0.3956030885571902,0.483811286435616,-0.18348993320055518,0.3956030885571902,True,SUBSTITUTION_LIKE,MODERATE
FOODS_3,FOODS_3_727,FOODS_3_274,116,59,57,-0.39381779895213465,-0.49957747103250055,0.0544290304604921,0.39381779895213465,True,COMPLEMENT_LIKE,MODERATE
FOODS_2,FOODS_2_182,FOODS_2_036,71,42,29,0.3932539330791222,0.3001011492523563,-0.4840050677300541,0.3932539330791222,True,SUBSTITUTION_LIKE,MODERATE
FOODS_3,FOODS_3_753,FOODS_3_501,97,41,56,0.39284324258028275,0.09116614624882823,-0.529692272277752,0.39284324258028275,True,SUBSTITUTION_LIKE,MODERATE
FOODS_2,FOODS_2_240,FOODS_2_291,55,25,30,0.3916487080652785,0.3206243511407706,-0.4567757267607495,0.3916487080652785,True,SUBSTITUTION_LIKE,MODERATE
FOODS_3,FOODS_3_020,FOODS_3_115,71,31,40,0.39138833049655797,0.30226675365427635,-0.4040687152538265,0.39138833049655797,True,SUBSTITUTION_LIKE,MODERATE
FOODS_3,FOODS_3_755,FOODS_3_295,71,36,35,0.39123647556928315,-0.03826844625806773,-1.0694678864656153,0.39123647556928315,True,SUBSTITUTION_LIKE,MODERATE
FOODS_2,FOODS_2_240,FOODS_2_391,59,28,31,-0.38881522157530246,-0.5626734240525708,-0.09756144847366108,0.38881522157530246,True,COMPLEMENT_LIKE,MODERATE
FOODS_3,FOODS_3_755,FOODS_3_501,72,35,37,0.3887338542451658,-0.03525698676527505,-0.9855928081594733,0.3887338542451658,True,SUBSTITUTION_LIKE,MODERATE
FOODS_3,FOODS_3_727,FOODS_3_769,104,58,46,-0.3880397576647611,-0.927469169061552,0.2777427949898058,0.3880397576647611,True,COMPLEMENT_LIKE,MODERATE
FOODS_3,FOODS_3_086,FOODS_3_822,76,43,33,0.38678762013738055,0.09826526291529088,-0.6864046191416774,0.38678762013738055,True,SUBSTITUTION_LIKE,MODERATE
FOODS_3,FOODS_3_124,FOODS_3_219,97,42,55,0.3858102563357253,0.4868577896125488,-0.15078843376016865,0.3858102563357253,True,SUBSTITUTION_LIKE,MODERATE
FOODS_2,FOODS_2_294,FOODS_2_380,50,19,31,-0.38576602696292883,-0.2941605998215805,0.1973220482101881,0.38576602696292883,True,COMPLEMENT_LIKE,MODERATE
FOODS_3,FOODS_3_124,FOODS_3_738,100,43,57,0.3852457463938204,0.672036947230921,-0.04006526528280982,0.3852457463938204,True,SUBSTITUTION_LIKE,MODERATE
FOODS_3,FOODS_3_681,FOODS_3_136,85,47,38,-0.3832899137780741,-0.6665405660332884,0.03740686312416476,0.3832899137780741,True,COMPLEMENT_LIKE,MODERATE
FOODS_1,FOODS_1_055,FOODS_1_076,52,33,19,-0.38254129331440323,-0.20625457626713478,0.18483441827264843,0.38254129331440323,True,COMPLEMENT_LIKE,MODERATE
FOODS_3,FOODS_3_224,FOODS_3_274,126,66,60,-0.3812074112786168,-0.3887152548372455,0.09696691791553178,0.3812074112786168,True,COMPLEMENT_LIKE,MODERATE
FOODS_2,FOODS_2_056,FOODS_2_240,56,34,22,-0.3801047552859935,-1.991024935516065,-0.5130704741541948,0.3801047552859935,True,COMPLEMENT_LIKE,MODERATE
FOODS_2,FOODS_2_294,FOODS_2_021,50,19,31,0.3789204598054227,-0.18245653373121665,-0.8901561387541329,0.3789204598054227,True,SUBSTITUTION_LIKE,MODERATE
FOODS_2,FOODS_2_240,FOODS_2_399,55,26,29,-0.37891722871878963,-0.5635931828965268,-0.06842299678549316,0.37891722871878963,True,COMPLEMENT_LIKE,MODERATE
FOODS_3,FOODS_3_783,FOODS_3_406,93,41,52,0.3788297107196436,0.19644415575446975,-0.5232514417212981,0.3788297107196436,True,SUBSTITUTION_LIKE,MODERATE
FOODS_3,FOODS_3_753,FOODS_3_219,94,41,53,0.3780159385268662,0.42613301138636667,-0.2661456089817513,0.3780159385268662,True,SUBSTITUTION_LIKE,MODERATE
FOODS_3,FOODS_3_769,FOODS_3_030,58,33,25,-0.3762118636766842,-0.1890893919600338,0.21203230423075342,0.3762118636766842,True,COMPLEMENT_LIKE,MODERATE
FOODS_2,FOODS_2_380,FOODS_2_294,59,28,31,0.37450560675410094,0.3440887027503124,-0.38207646881759444,0.37450560675410094,True,SUBSTITUTION_LIKE,MODERATE
FOODS_3,FOODS_3_257,FOODS_3_681,124,69,55,-0.3743821792499374,-0.6704814526077235,-0.14648612288406032,0.3743821792499374,True,COMPLEMENT_LIKE,MODERATE
FOODS_2,FOODS_2_063,FOODS_2_240,46,35,11,0.37421357912728165,-0.4340690208503,-1.6987692307553688,0.37421357912728165,True,SUBSTITUTION_LIKE,MODERATE
FOODS_1,FOODS_1_076,FOODS_1_074,90,62,28,0.37183506660414145,0.009605249137225384,-0.44475094932219567,0.37183506660414145,True,SUBSTITUTION_LIKE,MODERATE
FOODS_2,FOODS_2_182,FOODS_2_063,68,40,28,-0.37176323559007995,-1.1253926238772536,-0.18677902390895626,0.37176323559007995,True,COMPLEMENT_LIKE,MODERATE
FOODS_2,FOODS_2_128,FOODS_2_380,49,36,13,-0.371067771498068,-0.9141447020189015,-0.09009210103248481,0.371067771498068,True,COMPLEMENT_LIKE,MODERATE
FOODS_2,FOODS_2_063,FOODS_2_056,44,33,11,-0.3708971209756471,-0.6388901245319356,0.027045355801176518,0.3708971209756471,True,COMPLEMENT_LIKE,MODERATE
FOODS_3,FOODS_3_755,FOODS_3_324,66,33,33,-0.37051140064957777,-1.879785415842552,0.07285139156869472,0.37051140064957777,True,COMPLEMENT_LIKE,MODERATE
FOODS_3,FOODS_3_734,FOODS_3_339,59,49,10,-0.3702425141337933,-0.4136124329084441,-0.026826398659467936,0.3702425141337933,True,COMPLEMENT_LIKE,MODERATE
FOODS_3,FOODS_3_681,FOODS_3_030,88,48,40,0.37018415788311376,0.26993274718983484,-0.7255595355988904,0.37018415788311376,True,SUBSTITUTION_LIKE,MODERATE
FOODS_3,FOODS_3_734,FOODS_3_769,59,49,10,-0.3694979389758322,-0.4814111729689271,0.0,0.3694979389758322,True,COMPLEMENT_LIKE,MODERATE
FOODS_3,FOODS_3_124,FOODS_3_348,88,35,53,0.3685828936966873,0.1405426464459038,-0.3929717865482787,0.3685828936966873,True,SUBSTITUTION_LIKE,MODERATE
FOODS_3,FOODS_3_681,FOODS_3_822,89,51,38,0.3676165045737815,0.10723063195724024,-0.6833519281488248,0.3676165045737815,True,SUBSTITUTION_LIKE,MODERATE
FOODS_2,FOODS_2_240,FOODS_2_388,58,27,31,0.36592052144011894,0.11993520098690492,-0.4679352963443029,0.36592052144011894,True,SUBSTITUTION_LIKE,MODERATE
FOODS_3,FOODS_3_086,FOODS_3_727,76,42,34,0.36584655056183757,0.05296348201223805,-0.739305796064509,0.36584655056183757,True,SUBSTITUTION_LIKE,MODERATE
FOODS_1,FOODS_1_055,FOODS_1_206,50,33,17,-0.36561965523913265,-0.5816830438997461,0.02241287930862259,0.36561965523913265,True,COMPLEMENT_LIKE,MODERATE
FOODS_3,FOODS_3_783,FOODS_3_295,95,40,55,0.36549202078265763,0.2158570268089842,-0.5664585871535227,0.36549202078265763,True,SUBSTITUTION_LIKE,MODERATE
FOODS_3,FOODS_3_224,FOODS_3_727,41,22,19,0.3649411853318081,-0.04872619998495326,-0.7192803512437511,0.3649411853318081,True,SUBSTITUTION_LIKE,MODERATE
FOODS_3,FOODS_3_086,FOODS_3_030,73,38,35,0.3647961410475938,0.21943646233403838,-0.7233361526039224,0.3647961410475938,True,SUBSTITUTION_LIKE,MODERATE
FOODS_1,FOODS_1_037,FOODS_1_206,60,41,19,-0.36466837345515735,-0.7413648727385974,0.14687097886420156,0.36466837345515735,True,COMPLEMENT_LIKE,MODERATE
FOODS_3,FOODS_3_115,FOODS_3_202,67,36,31,0.364432094119968,0.40428901690129226,0.085214415975803,0.364432094119968,True,SUBSTITUTION_LIKE,MODERATE
FOODS_3,FOODS_3_727,FOODS_3_285,103,57,46,-0.36436717787615985,-0.8067530500989193,0.16910085319930265,0.36436717787615985,True,COMPLEMENT_LIKE,MODERATE
FOODS_3,FOODS_3_753,FOODS_3_348,89,36,53,0.3641594088663528,0.1191754804248716,-0.43610828534783275,0.3641594088663528,True,SUBSTITUTION_LIKE,MODERATE
FOODS_3,FOODS_3_020,FOODS_3_319,77,35,42,-0.3639782316081932,-1.2165328311758246,0.2222068262269887,0.3639782316081932,True,COMPLEMENT_LIKE,MODERATE
FOODS_3,FOODS_3_086,FOODS_3_224,78,43,35,0.3638564843926304,0.10201276876415455,-0.6148208892052652,0.3638564843926304,True,SUBSTITUTION_LIKE,MODERATE
FOODS_3,FOODS_3_224,FOODS_3_738,128,68,60,-0.36297582893015623,-0.5034215029729358,0.015811708287544426,0.36297582893015623,True,COMPLEMENT_LIKE,MODERATE
FOODS_3,FOODS_3_727,FOODS_3_681,124,63,61,-0.36285232894918495,-0.7457832250369477,-0.060087949046367564,0.36285232894918495,True,COMPLEMENT_LIKE,MODERATE
FOODS_3,FOODS_3_704,FOODS_3_202,55,27,28,0.36145125848177856,0.40578569370473655,-0.08715879334799691,0.36145125848177856,True,SUBSTITUTION_LIKE,MODERATE
FOODS_2,FOODS_2_399,FOODS_2_063,69,41,28,-0.3601975124160731,-1.1461619045771891,-0.2909306199710496,0.3601975124160731,True,COMPLEMENT_LIKE,MODERATE
FOODS_2,FOODS_2_019,FOODS_2_166,62,41,21,0.3600974338395222,-0.24859190874969056,-0.7574639298392412,0.3600974338395222,True,SUBSTITUTION_LIKE,MODERATE
FOODS_3,FOODS_3_681,FOODS_3_704,86,48,38,-0.3594017733144536,-0.5991826383858464,-0.04142212037656827,0.3594017733144536,True,COMPLEMENT_LIKE,MODERATE
FOODS_2,FOODS_2_152,FOODS_2_063,57,41,16,-0.35931978237776013,-0.251421974966281,0.13542784739430375,0.35931978237776013,True,COMPLEMENT_LIKE,MODERATE
FOODS_3,FOODS_3_090,FOODS_3_318,136,85,51,-0.3572092883754248,-0.6385339164099787,-0.2352772024010578,0.3572092883754248,True,COMPLEMENT_LIKE,MODERATE
FOODS_3,FOODS_3_755,FOODS_3_115,75,32,43,0.35676933788965776,0.2663264898871825,-0.43764765934519445,0.35676933788965776,True,SUBSTITUTION_LIKE,MODERATE
FOODS_3,FOODS_3_086,FOODS_3_704,74,40,34,-0.3565283243918021,-0.547064591081211,-0.017710851023058388,0.3565283243918021,True,COMPLEMENT_LIKE,MODERATE
FOODS_3,FOODS_3_783,FOODS_3_501,97,40,57,0.35522433281224497,0.18232373421115483,-0.5315866323303796,0.35522433281224497,True,SUBSTITUTION_LIKE,MODERATE
FOODS_3,FOODS_3_086,FOODS_3_115,72,39,33,-0.35508780964579173,-0.3376953626997184,0.14657652106091018,0.35508780964579173,True,COMPLEMENT_LIKE,MODERATE
FOODS_3,FOODS_3_783,FOODS_3_738,98,40,58,0.3546049516633395,0.739525815027306,-0.032408600995754586,0.3546049516633395,True,SUBSTITUTION_LIKE,MODERATE
FOODS_3,FOODS_3_734,FOODS_3_133,59,49,10,-0.3536402508620738,-0.5802955697768376,-0.09007865453381898,0.3536402508620738,True,COMPLEMENT_LIKE,MODERATE
FOODS_2,FOODS_2_391,FOODS_2_183,77,45,32,-0.3536338080610583,-0.7184933656864199,0.002566804257414332,0.3536338080610583,True,COMPLEMENT_LIKE,MODERATE
FOODS_3,FOODS_3_355,FOODS_3_339,78,37,41,0.35227904065764504,-0.09117383779247161,-1.0300752083763611,0.35227904065764504,True,SUBSTITUTION_LIKE,MODERATE
FOODS_3,FOODS_3_124,FOODS_3_133,92,36,56,0.3522539052421826,0.027702086727939532,-0.3958850959184627,0.3522539052421826,True,SUBSTITUTION_LIKE,MODERATE
FOODS_3,FOODS_3_231,FOODS_3_785,74,31,43,-0.3519317083170351,-0.4324531369631546,-0.11753635085272619,0.3519317083170351,True,COMPLEMENT_LIKE,MODERATE
FOODS_3,FOODS_3_753,FOODS_3_318,97,41,56,0.35175744081424704,0.3682919339578005,-0.3207878837075865,0.35175744081424704,True,SUBSTITUTION_LIKE,MODERATE
FOODS_3,FOODS_3_783,FOODS_3_491,99,41,58,0.3514996804946117,0.6777386895482144,-0.039417170692205614,0.3514996804946117,True,SUBSTITUTION_LIKE,MODERATE
FOODS_2,FOODS_2_212,FOODS_2_036,60,42,18,-0.35045237967217724,-0.8483732055343024,0.2633150163986471,0.35045237967217724,True,COMPLEMENT_LIKE,MODERATE
FOODS_3,FOODS_3_681,FOODS_3_202,84,47,37,-0.3502099212863388,-0.7054280621503166,-0.044116318673507786,0.3502099212863388,True,COMPLEMENT_LIKE,MODERATE
FOODS_2,FOODS_2_063,FOODS_2_380,36,25,11,-0.34996595268911834,0.16830640665570581,0.7634797017629897,0.34996595268911834,True,COMPLEMENT_LIKE,MODERATE
FOODS_3,FOODS_3_086,FOODS_3_202,71,39,32,-0.34781453507085786,-0.6141247938103681,0.05297340938740665,0.34781453507085786,True,COMPLEMENT_LIKE,MODERATE
FOODS_2,FOODS_2_381,FOODS_2_063,58,30,28,-0.3468158313869347,-0.7918533268646472,-0.06770923014491452,0.3468158313869347,True,COMPLEMENT_LIKE,MODERATE
FOODS_3,FOODS_3_681,FOODS_3_115,85,47,38,-0.3456318053624332,-0.37851208793368935,0.11293798428312177,0.3456318053624332,True,COMPLEMENT_LIKE,MODERATE
FOODS_3,FOODS_3_753,FOODS_3_808,94,39,55,-0.3456050117196624,-0.8896446958560768,0.10421091148623036,0.3456050117196624,True,COMPLEMENT_LIKE,MODERATE
FOODS_3,FOODS_3_231,FOODS_3_435,92,39,53,0.34550906037806006,0.4316849400693861,-0.11929047968573028,0.34550906037806006,True,SUBSTITUTION_LIKE,MODERATE
FOODS_3,FOODS_3_755,FOODS_3_578,64,32,32,-0.3452847078097279,-1.742560800281343,0.04236570717845916,0.3452847078097279,True,COMPLEMENT_LIKE,MODERATE
FOODS_3,FOODS_3_783,FOODS_3_090,99,41,58,0.3443330913073818,0.668068245475473,-0.1755781408330984,0.3443330913073818,True,SUBSTITUTION_LIKE,MODERATE
FOODS_3,FOODS_3_738,FOODS_3_318,123,82,41,-0.34419128935184773,-0.7871037560152021,-0.4032129613813759,0.34419128935184773,True,COMPLEMENT_LIKE,MODERATE
FOODS_3,FOODS_3_681,FOODS_3_753,86,52,34,-0.3437725391660579,-0.7751525719672387,0.08026208064032277,0.3437725391660579,True,COMPLEMENT_LIKE,MODERATE
FOODS_3,FOODS_3_030,FOODS_3_202,100,54,46,-0.34365372069376543,-0.2717089037424314,0.07210120374703945,0.34365372069376543,True,COMPLEMENT_LIKE,MODERATE
FOODS_3,FOODS_3_723,FOODS_3_704,137,88,49,-0.3418424307905085,-0.06322531264647485,0.08219506397355057,0.3418424307905085,True,COMPLEMENT_LIKE,MODERATE
FOODS_3,FOODS_3_769,FOODS_3_020,84,43,41,-0.3413423322991535,-0.7858831692296427,-0.28662763075626907,0.3413423322991535,True,COMPLEMENT_LIKE,MODERATE
FOODS_3,FOODS_3_086,FOODS_3_753,73,44,29,-0.3408130711393263,-0.6934126424385592,0.10391486456216736,0.3408130711393263,True,COMPLEMENT_LIKE,MODERATE
FOODS_3,FOODS_3_681,FOODS_3_432,90,50,40,0.33984101997644206,0.09875919005571192,-0.6165134623733046,0.33984101997644206,True,SUBSTITUTION_LIKE,MODERATE
FOODS_3,FOODS_3_351,FOODS_3_578,76,36,40,-0.3386407809095142,-1.5026679070251792,0.07219891284671391,0.3386407809095142,True,COMPLEMENT_LIKE,MODERATE
FOODS_2,FOODS_2_294,FOODS_2_182,51,19,32,-0.3381058791742007,-1.0461535421933668,0.34235174333433094,0.3381058791742007,True,COMPLEMENT_LIKE,MODERATE
FOODS_3,FOODS_3_231,FOODS_3_808,89,37,52,-0.337881738030797,-0.7125455678252071,0.07852750091563368,0.337881738030797,True,COMPLEMENT_LIKE,MODERATE
FOODS_2,FOODS_2_166,FOODS_2_294,57,27,30,0.33674643943123905,0.4686244525573952,-0.2589832426906208,0.33674643943123905,True,SUBSTITUTION_LIKE,MODERATE
FOODS_3,FOODS_3_491,FOODS_3_318,120,82,38,-0.3362762128931263,-0.681999487942545,-0.45933871997099823,0.3362762128931263,True,COMPLEMENT_LIKE,MODERATE
FOODS_2,FOODS_2_294,FOODS_2_212,46,19,27,0.3358868320928203,0.2208633237858876,-0.728282272872069,0.3358868320928203,True,SUBSTITUTION_LIKE,MODERATE
FOODS_3,FOODS_3_738,FOODS_3_219,124,84,40,-0.33530534314997995,-0.6094991897402292,-0.2504001002043367,0.33530534314997995,True,COMPLEMENT_LIKE,MODERATE
FOODS_2,FOODS_2_119,FOODS_2_381,56,25,31,0.3351947653582003,0.3610420536965676,-0.16521475612233985,0.3351947653582003,True,SUBSTITUTION_LIKE,MODERATE
FOODS_1,FOODS_1_074,FOODS_1_055,47,29,18,-0.33474773636617805,-0.24898915248544426,0.07824635576303825,0.33474773636617805,True,COMPLEMENT_LIKE,MODERATE
FOODS_1,FOODS_1_206,FOODS_1_061,63,41,22,-0.334690349244976,-0.7917128061782454,0.08664876256199876,0.334690349244976,True,COMPLEMENT_LIKE,MODERATE
FOODS_3,FOODS_3_753,FOODS_3_274,93,39,54,0.3344336329661993,0.6163762995885321,-0.049019104810228094,0.3344336329661993,True,SUBSTITUTION_LIKE,MODERATE
FOODS_3,FOODS_3_231,FOODS_3_285,92,39,53,0.33437832070356915,-0.24609088710784283,-0.6445413813050975,0.33437832070356915,True,SUBSTITUTION_LIKE,MODERATE
FOODS_3,FOODS_3_124,FOODS_3_285,98,42,56,0.3332871248629282,-0.3240656529544741,-0.6576491547003498,0.3332871248629282,True,SUBSTITUTION_LIKE,MODERATE
FOODS_2,FOODS_2_285,FOODS_2_360,46,34,12,-0.33292413173458896,-0.009199188489079073,0.20412923810594855,0.33292413173458896,True,COMPLEMENT_LIKE,MODERATE
FOODS_3,FOODS_3_231,FOODS_3_594,84,34,50,-0.3328443361955974,-0.6265795641626358,0.14453800287796528,0.3328443361955974,True,COMPLEMENT_LIKE,MODERATE
FOODS_2,FOODS_2_061,FOODS_2_240,42,25,17,-0.33269258675894775,-0.929331376141769,0.4260727904698203,0.33269258675894775,True,COMPLEMENT_LIKE,MODERATE
FOODS_3,FOODS_3_124,FOODS_3_324,84,36,48,-0.3326170996380477,-0.28519884573441284,-0.03709586123369177,0.3326170996380477,True,COMPLEMENT_LIKE,MODERATE
FOODS_3,FOODS_3_753,FOODS_3_319,95,39,56,-0.3325592496050698,-0.8963957341470888,-0.05430797660456838,0.3325592496050698,True,COMPLEMENT_LIKE,MODERATE
FOODS_2,FOODS_2_152,FOODS_2_285,53,34,19,-0.3323158230675023,-0.08010187455916161,0.13717966840011817,0.3323158230675023,True,COMPLEMENT_LIKE,MODERATE
FOODS_2,FOODS_2_274,FOODS_2_152,60,36,24,-0.3314901874952922,-0.2124788982411108,-0.05636211307579956,0.3314901874952922,True,COMPLEMENT_LIKE,MODERATE
FOODS_1,FOODS_1_187,FOODS_1_074,60,40,20,0.33091964183134726,0.5022105177798316,-0.7874363190725614,0.33091964183134726,True,SUBSTITUTION_LIKE,MODERATE
FOODS_2,FOODS_2_034,FOODS_2_063,50,27,23,-0.330485606135939,-0.7379815955011362,-0.2520999934630351,0.330485606135939,True,COMPLEMENT_LIKE,MODERATE
FOODS_3,FOODS_3_681,FOODS_3_224,91,51,40,0.3303200662821277,0.05635227780875568,-0.5732646604375804,0.3303200662821277,True,SUBSTITUTION_LIKE,MODERATE
FOODS_2,FOODS_2_291,FOODS_2_391,57,33,24,-0.329523458366924,-0.8780399160043633,-0.17656346179205737,0.329523458366924,True,COMPLEMENT_LIKE,MODERATE
FOODS_3,FOODS_3_090,FOODS_3_219,137,86,51,-0.3292799487266801,-0.4952867293361551,-0.18489855300006303,0.3292799487266801,True,COMPLEMENT_LIKE,MODERATE
FOODS_3,FOODS_3_086,FOODS_3_257,77,43,34,0.32897843448898156,0.06619944097961511,-0.5411608130614747,0.32897843448898156,True,SUBSTITUTION_LIKE,MODERATE
FOODS_2,FOODS_2_061,FOODS_2_166,39,23,16,-0.3284314407366877,-0.8573724883288408,0.41215642043551104,0.3284314407366877,True,COMPLEMENT_LIKE,MODERATE
FOODS_2,FOODS_2_381,FOODS_2_152,59,30,29,0.32829799148876954,0.40667796226176134,-0.1528107337822178,0.32829799148876954,True,SUBSTITUTION_LIKE,MODERATE
FOODS_3,FOODS_3_822,FOODS_3_723,171,90,81,-0.32808890100281884,-0.5692391128567164,0.0917595819445217,0.32808890100281884,True,COMPLEMENT_LIKE,MODERATE
FOODS_2,FOODS_2_166,FOODS_2_399,51,24,27,-0.32652854971502276,-0.42628388452293925,-0.08676858415137666,0.32652854971502276,True,COMPLEMENT_LIKE,MODERATE
FOODS_3,FOODS_3_124,FOODS_3_339,91,35,56,0.32585506009685017,0.09346065785048288,-0.30123591612558737,0.32585506009685017,True,SUBSTITUTION_LIKE,MODERATE
FOODS_3,FOODS_3_769,FOODS_3_767,84,43,41,0.3258123104527568,0.21491987832930468,-0.24982602305607146,0.3258123104527568,True,SUBSTITUTION_LIKE,MODERATE
FOODS_3,FOODS_3_727,FOODS_3_295,124,62,62,0.32520340357022576,0.21751070863671945,-0.13671060404978091,0.32520340357022576,True,SUBSTITUTION_LIKE,MODERATE
FOODS_3,FOODS_3_432,FOODS_3_723,144,76,68,-0.3251718985198637,-0.6604043291913829,0.0011103634626071876,0.3251718985198637,True,COMPLEMENT_LIKE,MODERATE
FOODS_2,FOODS_2_063,FOODS_2_119,46,34,12,-0.3250660560618161,-0.2100940487940842,0.19157560370092516,0.3250660560618161,True,COMPLEMENT_LIKE,MODERATE
FOODS_2,FOODS_2_152,FOODS_2_056,63,43,20,0.3249263765822392,0.1455436904686959,-1.4939063908343457,0.3249263765822392,True,SUBSTITUTION_LIKE,MODERATE
FOODS_3,FOODS_3_753,FOODS_3_594,88,36,52,-0.3237987278088016,-0.7599431035170424,0.11935087977765331,0.3237987278088016,True,COMPLEMENT_LIKE,MODERATE
FOODS_2,FOODS_2_360,FOODS_2_052,57,41,16,-0.323144459551044,0.2696986105709163,0.5352796974313596,0.323144459551044,True,COMPLEMENT_LIKE,MODERATE
FOODS_3,FOODS_3_086,FOODS_3_348,74,41,33,0.3218737097986777,0.1789478817256313,-0.9913361780203978,0.3218737097986777,True,SUBSTITUTION_LIKE,MODERATE
FOODS_3,FOODS_3_231,FOODS_3_030,94,40,54,0.3217168022147508,0.16479553934504296,-0.2862501729222681,0.3217168022147508,True,SUBSTITUTION_LIKE,MODERATE
FOODS_1,FOODS_1_074,FOODS_1_206,39,27,12,-0.3216891059972006,-0.2611835773651371,0.40513307741074917,0.3216891059972006,True,COMPLEMENT_LIKE,MODERATE
FOODS_3,FOODS_3_681,FOODS_3_318,88,48,40,-0.32139980392255885,-0.32132284423224033,0.10543056289259292,0.32139980392255885,True,COMPLEMENT_LIKE,MODERATE
FOODS_2,FOODS_2_052,FOODS_2_294,86,44,42,-0.321068684515495,-0.18475586397981303,0.15605247027023586,0.321068684515495,True,COMPLEMENT_LIKE,MODERATE
FOODS_2,FOODS_2_294,FOODS_2_152,57,22,35,0.3210641598360455,0.05065121524592977,-0.2710303161353166,0.3210641598360455,True,SUBSTITUTION_LIKE,MODERATE
FOODS_1,FOODS_1_201,FOODS_1_037,52,34,18,0.32080552351619096,0.1346185323970093,-0.5547831218295095,0.32080552351619096,True,SUBSTITUTION_LIKE,MODERATE
FOODS_3,FOODS_3_086,FOODS_3_547,79,44,35,0.3206993776634014,-0.19849241666270076,-0.9442924029353776,0.3206993776634014,True,SUBSTITUTION_LIKE,MODERATE
FOODS_3,FOODS_3_351,FOODS_3_115,89,39,50,0.3203059322362093,0.27044993631845937,-0.3438459509683105,0.3203059322362093,True,SUBSTITUTION_LIKE,MODERATE
FOODS_3,FOODS_3_734,FOODS_3_285,59,49,10,-0.3200471691178717,-0.31209122037900977,0.07731898882334817,0.3200471691178717,True,COMPLEMENT_LIKE,MODERATE
FOODS_3,FOODS_3_086,FOODS_3_124,73,43,30,-0.3200264898268106,-0.7312592464936364,-0.09189504955625835,0.3200264898268106,True,COMPLEMENT_LIKE,MODERATE
FOODS_2,FOODS_2_360,FOODS_2_119,56,40,16,0.3197418832025274,0.14914600387107146,-0.19618348004871594,0.3197418832025274,True,SUBSTITUTION_LIKE,MODERATE
FOODS_2,FOODS_2_240,FOODS_2_381,57,27,30,0.31935391234234695,0.12641283434618888,-0.4445586086357605,0.31935391234234695,True,SUBSTITUTION_LIKE,MODERATE
FOODS_3,FOODS_3_783,FOODS_3_133,93,37,56,0.3188852551518194,0.13769317955698282,-0.39349910350183503,0.3188852551518194,True,SUBSTITUTION_LIKE,MODERATE
FOODS_2,FOODS_2_056,FOODS_2_182,53,30,23,-0.31843327270914373,-1.2030534936308401,-0.2371979113187749,0.31843327270914373,True,COMPLEMENT_LIKE,MODERATE
FOODS_2,FOODS_2_388,FOODS_2_166,58,37,21,-0.31802907760370513,0.15877760486774928,0.5080760919717716,0.31802907760370513,True,COMPLEMENT_LIKE,MODERATE
FOODS_3,FOODS_3_030,FOODS_3_136,100,54,46,-0.31802287456719275,-0.29939827591579116,0.007673598624704058,0.31802287456719275,True,COMPLEMENT_LIKE,MODERATE
FOODS_3,FOODS_3_351,FOODS_3_406,86,41,45,0.317872265580395,-0.08214819741189024,-0.9426510437138949,0.317872265580395,True,SUBSTITUTION_LIKE,MODERATE
FOODS_2,FOODS_2_291,FOODS_2_197,55,31,24,0.31708288957999725,0.31820707802368353,-0.07887540411406214,0.31708288957999725,True,SUBSTITUTION_LIKE,MODERATE
FOODS_3,FOODS_3_086,FOODS_3_318,76,41,35,-0.3170525852958893,-0.3861746568114774,0.09473810528282765,0.3170525852958893,True,COMPLEMENT_LIKE,MODERATE
FOODS_2,FOODS_2_291,FOODS_2_212,56,33,23,0.3162982659694176,-0.3693713794556351,-0.4899144591643551,0.3162982659694176,True,SUBSTITUTION_LIKE,MODERATE
FOODS_3,FOODS_3_020,FOODS_3_594,73,33,40,-0.31622979415136376,-1.0982699130042275,-0.08927647850525938,0.31622979415136376,True,COMPLEMENT_LIKE,MODERATE
FOODS_2,FOODS_2_119,FOODS_2_063,62,30,32,-0.3156998894966127,-1.2648463711494844,-0.2901992320358357,0.3156998894966127,True,COMPLEMENT_LIKE,MODERATE
FOODS_3,FOODS_3_355,FOODS_3_406,76,37,39,0.31490923286218026,-0.09458094768998311,-0.9169181951855153,0.31490923286218026,True,SUBSTITUTION_LIKE,MODERATE
FOODS_3,FOODS_3_738,FOODS_3_202,140,90,50,-0.31434289159579515,-0.03637892574728915,0.08303833085965948,0.31434289159579515,True,COMPLEMENT_LIKE,MODERATE
FOODS_3,FOODS_3_753,FOODS_3_285,96,41,55,0.31387521803986757,-0.2600778440675821,-0.6425869166792443,0.31387521803986757,True,SUBSTITUTION_LIKE,MODERATE
FOODS_2,FOODS_2_285,FOODS_2_388,43,32,11,0.313042386215246,0.04509987207377456,-0.25593079637519855,0.313042386215246,True,SUBSTITUTION_LIKE,MODERATE
FOODS_2,FOODS_2_291,FOODS_2_019,52,28,24,0.3130044973607362,0.3831725183946978,-0.00735539304225009,0.3130044973607362,True,SUBSTITUTION_LIKE,MODERATE
FOODS_1,FOODS_1_076,FOODS_1_023,63,39,24,0.3127883000120753,0.092314218098456,-0.15792518933241287,0.3127883000120753,True,SUBSTITUTION_LIKE,MODERATE
FOODS_3,FOODS_3_285,FOODS_3_704,105,56,49,-0.31114555322420245,-0.8152834709995497,-0.2165118288098969,0.31114555322420245,True,COMPLEMENT_LIKE,MODERATE
FOODS_3,FOODS_3_783,FOODS_3_339,91,35,56,0.3106812963653106,0.06501903658434993,-0.32634935473895255,0.3106812963653106,True,SUBSTITUTION_LIKE,MODERATE
FOODS_3,FOODS_3_355,FOODS_3_348,78,37,41,0.310251319726475,-0.035871109996646736,-0.9037868990848869,0.310251319726475,True,SUBSTITUTION_LIKE,MODERATE
FOODS_3,FOODS_3_281,FOODS_3_030,61,35,26,-0.3101271421638667,-0.07058880990905093,0.21957553425110835,0.3101271421638667,True,COMPLEMENT_LIKE,MODERATE
FOODS_2,FOODS_2_381,FOODS_2_036,52,27,25,-0.30994608418504577,-0.15545186297363203,0.2987678130340233,0.30994608418504577,True,COMPLEMENT_LIKE,MODERATE
FOODS_3,FOODS_3_020,FOODS_3_808,76,35,41,-0.3098717012708319,-1.298492820457037,0.0794618188423705,0.3098717012708319,True,COMPLEMENT_LIKE,MODERATE
FOODS_3,FOODS_3_755,FOODS_3_785,64,32,32,-0.3097498553793666,-2.084778581440067,0.036689326701947696,0.3097498553793666,True,COMPLEMENT_LIKE,MODERATE
FOODS_3,FOODS_3_753,FOODS_3_785,78,33,45,-0.30965414998307284,-0.28614794463106846,-0.015388582128393061,0.30965414998307284,True,COMPLEMENT_LIKE,MODERATE
FOODS_3,FOODS_3_351,FOODS_3_348,88,45,43,0.3091773964411574,-0.05521068710935949,-1.0238980604932848,0.3091773964411574,True,SUBSTITUTION_LIKE,MODERATE
FOODS_2,FOODS_2_036,FOODS_2_291,90,40,50,0.3088237707947768,0.060409490872012195,-0.7145896304958683,0.3088237707947768,True,SUBSTITUTION_LIKE,MODERATE
FOODS_3,FOODS_3_491,FOODS_3_219,121,82,39,-0.30810068316248373,-0.5121006326561086,-0.38143704605939266,0.30810068316248373,True,COMPLEMENT_LIKE,MODERATE
FOODS_3,FOODS_3_681,FOODS_3_339,87,49,38,0.30594178283494794,0.3515541560069884,-0.7691123494097969,0.30594178283494794,True,SUBSTITUTION_LIKE,MODERATE
FOODS_3,FOODS_3_822,FOODS_3_090,174,91,83,-0.30564259833138246,-0.5557197122732943,0.04654115310183782,0.30564259833138246,True,COMPLEMENT_LIKE,MODERATE
FOODS_1,FOODS_1_012,FOODS_1_076,87,79,8,0.305421572112973,-0.02131480754597476,-0.5975644513063216,0.305421572112973,True,SUBSTITUTION_LIKE,MODERATE
FOODS_2,FOODS_2_380,FOODS_2_128,62,30,32,-0.30501557583360317,-0.0034433390417292838,0.14042798760706235,0.30501557583360317,True,COMPLEMENT_LIKE,MODERATE
FOODS_1,FOODS_1_061,FOODS_1_012,43,31,12,0.3048601460934259,-0.18940683443581552,-0.39172672791401375,0.3048601460934259,True,SUBSTITUTION_LIKE,MODERATE
FOODS_2,FOODS_2_119,FOODS_2_021,57,28,29,0.30419853628479687,-0.7556450019606514,-1.6289588185886668,0.30419853628479687,True,SUBSTITUTION_LIKE,MODERATE
FOODS_3,FOODS_3_541,FOODS_3_339,64,27,37,0.303950382137624,0.4213754221617851,0.028926519407145957,0.303950382137624,True,SUBSTITUTION_LIKE,MODERATE
FOODS_3,FOODS_3_020,FOODS_3_635,75,35,40,-0.30389697073918126,-1.2924710907125565,0.09311543576354232,0.30389697073918126,True,COMPLEMENT_LIKE,MODERATE
FOODS_3,FOODS_3_723,FOODS_3_202,139,89,50,-0.30357217145855037,-0.0848616584531766,0.04495341832710434,0.30357217145855037,True,COMPLEMENT_LIKE,MODERATE
FOODS_3,FOODS_3_723,FOODS_3_090,33,21,12,0.30285281911030615,-0.1350206021617179,-1.4315352143950104,0.30285281911030615,True,SUBSTITUTION_LIKE,MODERATE
FOODS_3,FOODS_3_755,FOODS_3_030,81,38,43,0.3024697770463048,0.27317053778465816,-0.16901166415160232,0.3024697770463048,True,SUBSTITUTION_LIKE,MODERATE
FOODS_3,FOODS_3_491,FOODS_3_704,140,91,49,-0.30156116486285633,-0.0904863375579833,0.05730463766959305,0.30156116486285633,True,COMPLEMENT_LIKE,MODERATE
FOODS_3,FOODS_3_432,FOODS_3_491,145,76,69,-0.3009650606411788,-0.6690519099965755,-0.029725424835911927,0.3009650606411788,True,COMPLEMENT_LIKE,MODERATE
FOODS_3,FOODS_3_319,FOODS_3_704,50,21,29,0.3008081599603776,0.08124181303844888,0.012139752858286099,0.3008081599603776,True,SUBSTITUTION_LIKE,MODERATE
FOODS_1,FOODS_1_019,FOODS_1_074,32,16,16,-0.30075927124411467,-0.08926867171906858,0.5865693874701461,0.30075927124411467,True,COMPLEMENT_LIKE,MODERATE
FOODS_3,FOODS_3_491,FOODS_3_202,136,86,50,-0.30063054707023684,-0.11330774061368072,0.059146353319884264,0.30063054707023684,True,COMPLEMENT_LIKE,MODERATE
FOODS_3,FOODS_3_783,FOODS_3_348,88,34,54,0.30059405522681837,0.20389681846956603,-0.35944424270110187,0.30059405522681837,True,SUBSTITUTION_LIKE,MODERATE
FOODS_3,FOODS_3_755,FOODS_3_541,75,37,38,-0.30037611931214214,-1.2552994884314805,0.052654833608790044,0.30037611931214214,True,COMPLEMENT_LIKE,MODERATE
FOODS_3,FOODS_3_319,FOODS_3_785,42,15,27,0.3003511578400428,0.0793876902824453,-0.32219198431390295,0.3003511578400428,True,SUBSTITUTION_LIKE,MODERATE
FOODS_3,FOODS_3_432,FOODS_3_090,147,76,71,-0.3002379381140047,-0.7797136982251921,-0.08634042176344682,0.3002379381140047,True,COMPLEMENT_LIKE,MODERATE
